soil_moisture,temperature,humidity,irrigate,water_amount_l
54.93,26.03,67.95,1,19.64
40.32,38.05,70.35,1,23.66
35.73,23.74,59.84,0,0.0
10.5,23.06,34.74,1,27.46
16.75,37.26,50.48,1,27.35
34.11,27.78,31.98,1,24.57
39.17,22.79,92.05,0,0.0
23.85,32.76,30.58,1,25.31
18.44,28.38,69.77,1,25.72
38.98,16.65,40.6,1,21.27
51.87,14.66,61.48,0,0.0
31.46,31.28,75.62,1,23.29
38.82,29.32,74.51,1,19.69
22.87,18.63,71.25,1,24.3
65.07,29.53,42.1,1,21.7
44.28,37.95,10.0,1,29.26
39.02,27.64,15.25,1,25.51
74.56,23.37,38.83,0,0.0
63.31,29.3,44.4,1,19.26
64.37,22.09,48.45,0,0.0
15.73,29.07,60.22,1,26.71
16.69,24.06,48.15,1,24.56
53.08,40.2,58.49,1,22.64
6.62,26.81,56.2,1,33.39
51.03,26.76,31.63,1,24.82
60.82,20.63,83.06,0,0.0
56.74,42.33,35.19,1,23.01
34.93,16.15,56.37,0,0.0
54.47,20.56,86.0,0,0.0
38.56,32.69,30.38,1,28.64
12.85,28.29,60.2,1,26.67
18.59,30.65,60.94,1,28.13
31.4,28.63,60.86,1,25.85
54.48,18.66,68.13,0,0.0
60.74,35.11,38.59,1,23.48
61.44,40.28,50.09,1,17.84
28.68,26.46,61.82,1,25.65
45.26,37.17,49.71,1,30.52
27.86,19.5,64.65,1,22.4
54.46,26.49,38.06,0,0.0
36.07,32.99,59.28,1,21.75
52.71,20.81,58.07,0,0.0
22.14,29.5,66.22,1,29.68
17.45,20.44,65.3,1,25.98
100.0,31.0,77.71,0,0.0
58.03,24.79,70.18,0,0.0
40.26,23.6,56.64,1,21.39
58.73,15.71,45.56,0,0.0
46.29,19.46,40.69,1,19.16
49.33,27.32,41.97,1,26.29
4.5,28.31,41.76,1,31.02
42.71,30.53,72.32,1,17.62
35.5,22.43,90.31,1,16.8
63.36,41.86,75.65,0,0.0
35.32,35.87,40.85,1,28.79
26.46,26.58,10.0,1,25.56
20.04,38.43,26.4,1,30.98
73.83,16.95,78.26,0,0.0
25.37,30.23,58.98,1,24.42
37.29,27.79,68.24,1,22.12
87.66,13.34,51.96,0,0.0
50.62,22.64,50.84,0,0.0
33.21,32.95,62.14,1,24.69
51.15,32.69,67.59,1,17.04
59.95,31.27,54.58,1,21.31
33.17,30.83,50.96,1,26.34
61.51,32.69,81.11,0,0.0
58.64,24.83,61.48,0,0.0
46.94,31.17,38.64,1,24.8
20.72,35.11,70.83,1,29.45
44.76,20.72,56.52,0,0.0
64.5,25.97,38.49,0,0.0
53.26,23.05,38.56,1,19.91
34.86,23.7,59.64,1,15.76
30.63,25.51,61.22,1,27.46
41.8,26.87,34.95,1,22.21
51.45,21.21,65.39,1,19.5
53.03,31.83,46.98,1,21.29
46.95,21.59,55.49,1,22.44
64.19,42.07,39.65,1,23.98
88.8,21.34,38.21,0,0.0
2.52,23.32,39.82,1,31.05
82.52,33.65,43.46,0,0.0
54.84,17.76,91.63,0,0.0
35.62,15.01,82.08,0,0.0
69.76,15.84,43.01,0,0.0
45.94,23.85,67.46,0,0.0
42.15,27.84,65.29,1,19.78
14.32,35.94,61.65,1,30.94
47.31,35.26,56.35,1,29.93
40.02,33.8,67.91,1,23.37
58.72,34.41,19.83,1,16.02
39.61,32.02,85.05,1,24.18
17.4,15.08,53.89,1,24.01
3.65,26.38,28.91,1,33.64
26.2,23.4,33.82,1,27.14
25.29,30.53,44.39,1,24.95
24.3,23.12,31.04,1,29.92
31.01,28.5,52.75,1,25.03
60.15,23.29,43.48,0,0.0
0.0,16.39,82.34,1,28.03
56.53,29.18,100.0,0,0.0
42.44,20.31,22.87,1,20.67
16.55,22.47,33.37,1,32.39
44.84,37.36,56.55,1,24.75
55.78,19.74,51.19,0,0.0
17.34,33.48,93.19,1,23.77
31.99,23.59,43.15,1,21.76
28.38,28.89,54.0,1,22.54
33.46,32.29,65.02,1,22.05
60.03,15.31,65.87,0,0.0
56.41,21.66,18.9,0,0.0
45.96,28.82,36.91,1,20.27
43.68,18.52,41.96,1,17.84
37.31,34.04,43.46,1,24.6
55.6,37.09,10.0,1,24.27
40.94,29.6,42.92,1,23.02
68.36,28.78,61.75,0,0.0
35.25,23.97,62.89,1,20.94
86.51,33.1,48.48,0,0.0
36.84,12.73,34.84,0,0.0
37.97,27.13,88.53,1,19.67
61.59,11.52,59.71,0,0.0
15.43,35.01,61.77,1,29.24
90.41,28.27,59.96,0,0.0
28.0,32.81,37.88,1,26.51
54.58,29.34,75.75,0,0.0
39.6,20.15,46.11,1,22.77
26.56,33.09,82.11,1,28.77
29.52,18.29,19.43,1,28.62
43.89,28.96,32.49,1,28.31
47.19,32.08,64.62,1,19.62
54.43,40.17,81.91,1,22.26
25.21,26.12,56.11,1,23.37
75.59,25.89,46.46,0,0.0
11.9,32.76,56.47,1,24.2
38.28,38.68,49.81,1,22.29
39.55,10.0,53.91,0,0.0
58.92,39.94,77.53,1,16.64
96.47,27.41,55.28,0,0.0
48.96,25.99,43.53,1,19.16
34.13,22.01,57.13,1,23.85
0.0,34.64,79.92,1,25.81
37.57,17.15,39.44,1,21.9
63.71,35.9,69.43,0,0.0
34.51,30.43,30.56,1,26.74
37.5,31.98,63.89,1,24.51
23.38,31.31,66.86,1,25.63
19.98,33.47,51.3,1,29.26
30.91,17.14,23.87,1,21.98
80.1,12.43,88.93,0,0.0
43.07,23.19,62.98,1,21.39
47.28,28.05,47.73,1,21.44
10.8,17.56,69.87,1,24.17
45.37,29.43,44.2,1,20.87
25.43,29.86,20.95,1,31.41
50.12,33.88,88.31,1,17.08
19.41,22.63,55.52,1,24.48
48.74,21.71,42.77,0,0.0
26.54,17.54,35.48,1,23.69
97.65,30.45,58.7,0,0.0
59.01,22.97,57.44,1,21.06
67.99,22.08,54.3,0,0.0
32.46,39.69,69.16,1,25.95
64.45,31.35,23.6,1,18.08
43.51,31.34,58.55,1,19.93
57.21,30.92,76.62,1,19.85
43.6,15.37,63.59,0,0.0
50.43,18.06,33.38,1,20.57
58.63,27.2,55.6,1,18.41
46.92,23.76,46.31,1,19.73
35.43,35.79,37.11,1,25.35
73.94,28.38,75.64,0,0.0
50.34,33.23,56.65,1,22.13
73.19,43.09,47.74,1,21.55
76.59,23.34,46.6,0,0.0
18.11,20.57,34.92,1,24.64
49.68,37.85,35.03,1,25.77
44.01,31.72,32.55,1,25.02
54.85,29.02,100.0,0,0.0
34.38,22.64,43.89,1,23.64
73.41,23.0,38.35,0,0.0
33.96,31.43,59.06,1,23.99
80.92,22.71,47.25,0,0.0
51.69,31.61,95.2,0,0.0
29.03,17.34,40.38,1,26.0
34.65,28.57,54.67,1,30.74
34.38,23.57,75.88,1,25.3
56.68,24.48,66.81,1,20.18
55.15,34.47,78.39,1,22.65
41.66,28.03,79.13,1,18.76
37.13,27.2,80.57,1,20.77
17.8,32.22,67.91,1,30.71
49.38,28.75,86.55,0,0.0
50.58,31.26,58.73,1,19.74
66.47,19.81,57.66,0,0.0
68.9,16.34,43.82,0,0.0
76.31,26.54,43.9,1,15.29
1.02,30.08,44.96,1,31.29
49.88,23.05,29.39,1,23.45
43.02,39.93,33.6,1,21.96
44.09,28.7,50.18,1,19.83
73.88,26.42,77.35,0,0.0
54.14,30.99,63.95,1,22.91
48.93,31.96,53.21,1,22.78
81.02,26.72,26.38,0,0.0
31.38,32.88,41.95,1,21.61
35.95,10.03,23.32,1,23.33
53.51,20.23,54.05,0,0.0
21.83,37.52,72.55,1,26.87
49.17,12.71,50.06,0,0.0
24.97,25.03,90.95,1,21.67
56.45,36.8,73.49,1,18.18
58.96,29.75,72.9,1,20.21
34.3,36.22,58.95,1,28.0
79.72,28.39,41.97,0,0.0
38.59,29.97,65.46,1,20.78
87.85,39.09,63.73,0,0.0
47.4,31.29,34.54,1,19.04
52.98,31.53,45.34,1,21.56
15.71,28.57,75.94,1,28.22
66.57,26.73,51.55,0,0.0
58.05,15.97,84.53,0,0.0
32.49,29.77,64.88,1,22.73
31.57,26.82,78.45,1,21.93
60.43,10.0,77.98,0,0.0
37.75,19.16,29.11,1,23.37
51.93,26.67,64.54,1,15.76
64.93,23.54,23.87,0,0.0
75.02,32.95,48.03,0,0.0
38.57,41.54,62.64,1,28.44
49.78,25.19,51.07,1,19.08
59.55,27.36,69.65,0,0.0
46.57,13.01,73.33,0,0.0
64.96,10.0,96.77,0,0.0
67.16,19.72,67.26,0,0.0
32.52,40.4,51.19,1,29.61
54.91,28.05,62.3,1,22.78
49.02,34.35,77.11,1,23.66
22.14,38.43,32.07,1,29.78
43.72,29.3,61.43,1,25.05
54.07,25.29,74.28,1,16.45
56.95,31.91,49.05,1,22.26
47.51,25.79,55.31,0,0.0
16.2,38.16,38.06,1,25.15
32.22,17.74,87.84,1,18.74
90.05,33.87,48.5,0,0.0
90.82,17.27,22.09,0,0.0
93.8,36.69,66.28,0,0.0
62.07,32.31,60.62,1,17.95
29.92,25.04,21.14,1,23.85
22.93,28.26,82.84,1,22.24
25.21,33.59,35.35,1,29.02
25.63,27.74,28.32,1,26.6
13.14,30.08,54.61,1,30.03
72.28,27.88,46.41,0,0.0
55.87,27.34,55.81,0,0.0
31.74,17.18,89.99,0,0.0
31.14,21.97,72.9,1,22.64
31.53,28.95,38.29,1,27.33
51.2,31.44,63.28,1,19.17
45.88,25.97,74.28,1,21.83
17.6,26.38,100.0,1,24.48
78.55,23.12,66.38,0,0.0
37.42,25.57,43.37,1,19.42
20.52,27.24,39.6,1,24.6
51.62,32.83,15.13,1,27.16
20.81,38.71,63.38,1,27.03
56.17,27.53,65.78,0,0.0
48.39,17.1,52.78,0,0.0
30.29,35.65,76.83,1,23.55
38.67,35.49,57.83,1,29.57
48.84,24.84,57.67,1,19.99
64.13,21.5,28.38,0,0.0
55.16,19.28,11.94,1,25.32
44.88,32.87,56.64,1,23.77
39.19,28.87,61.43,1,22.5
41.5,21.71,65.73,0,0.0
45.56,26.94,76.72,1,19.58
61.36,36.73,66.16,1,16.24
23.7,24.86,42.81,1,25.35
55.59,26.51,64.73,0,0.0
5.49,20.42,52.12,1,26.38
75.62,35.53,50.73,1,19.88
38.26,22.71,48.95,1,20.86
48.21,27.02,63.74,1,23.44
15.3,10.0,73.69,1,17.56
21.6,14.39,65.83,1,21.6
0.0,23.18,62.84,1,26.15
44.69,31.06,57.39,1,22.04
41.83,26.81,36.33,1,20.04
41.54,38.98,27.56,1,26.65
40.81,22.32,75.8,0,0.0
81.52,31.75,45.24,1,17.76
59.84,29.1,81.03,1,18.99
29.93,30.22,41.45,1,30.18
37.69,28.29,28.06,1,25.15
31.86,19.67,65.73,1,24.3
64.92,21.7,26.56,1,19.29
39.98,36.3,66.12,1,28.67
32.13,33.49,56.14,1,28.75
55.16,30.77,76.45,0,0.0
28.22,19.69,15.67,1,27.21
40.57,25.06,61.15,1,23.84
33.34,25.83,60.65,1,25.05
54.82,32.14,68.26,1,21.51
19.06,29.8,41.97,1,28.22
69.77,27.15,61.18,1,18.54
97.03,30.96,19.78,0,0.0
52.62,36.03,68.46,1,17.66
40.82,21.05,43.39,1,25.22
52.89,18.63,63.89,1,16.89
42.32,27.1,39.3,1,23.49
53.39,20.79,46.25,1,18.34
79.54,24.2,59.49,0,0.0
16.63,14.67,24.49,1,27.14
96.16,23.05,58.69,0,0.0
85.12,41.43,79.17,0,0.0
56.85,32.45,43.98,1,18.75
41.6,23.83,68.93,1,21.37
74.55,19.01,51.13,0,0.0
7.67,26.42,52.57,1,33.09
24.52,39.98,79.42,1,27.53
25.81,24.39,76.77,1,29.15
35.22,19.16,57.82,0,0.0
51.46,25.97,45.68,0,0.0
55.27,23.27,31.6,0,0.0
44.45,39.41,88.23,1,19.45
54.38,20.01,61.04,0,0.0
69.54,26.3,50.93,0,0.0
28.46,25.41,62.35,1,23.38
74.85,25.1,54.57,0,0.0
0.0,33.19,69.74,1,30.62
55.32,16.06,44.42,0,0.0
19.91,29.05,27.87,1,29.7
12.7,35.15,40.31,1,29.95
67.97,19.89,56.23,0,0.0
58.86,28.24,47.66,0,0.0
46.72,19.5,10.0,1,24.31
0.0,19.93,67.38,1,31.6
30.44,25.72,82.5,1,18.3
35.35,20.33,57.45,1,24.47
39.95,24.96,23.74,1,25.2
41.39,45.0,60.98,1,23.66
67.97,27.79,26.23,1,18.53
82.47,34.56,46.05,0,0.0
46.36,32.97,64.69,1,18.21
65.6,24.66,46.93,0,0.0
53.47,41.44,33.65,1,27.4
43.41,30.17,33.75,1,23.99
64.71,35.31,100.0,0,0.0
51.52,28.36,47.94,1,20.16
48.37,36.22,34.87,1,28.98
42.64,12.15,42.84,1,20.35
25.01,23.47,71.81,1,23.22
37.66,24.26,36.55,1,25.45
69.34,37.65,74.97,0,0.0
53.07,26.83,36.93,1,18.47
68.75,23.75,59.02,0,0.0
39.82,31.11,45.5,1,22.68
47.53,40.57,34.99,1,25.15
48.59,29.45,64.78,1,23.17
53.2,25.31,68.45,1,20.73
25.51,34.75,52.59,1,24.6
34.29,26.37,61.64,1,24.0
36.29,30.59,49.81,1,26.62
26.29,34.6,44.28,1,30.05
81.76,25.44,48.01,0,0.0
38.94,32.6,22.67,1,21.83
64.01,38.97,52.91,1,19.77
68.24,20.51,59.77,0,0.0
55.02,28.33,75.02,0,0.0
58.56,22.42,18.39,1,22.97
42.25,33.67,87.25,1,26.4
59.84,27.53,22.96,1,17.83
88.42,25.77,57.46,0,0.0
45.87,38.87,42.55,1,23.66
18.6,22.72,54.26,1,22.96
16.87,26.42,24.91,1,30.67
15.85,24.84,39.96,1,30.87
7.5,27.81,51.8,1,31.06
29.96,24.77,39.08,1,26.7
83.02,26.58,40.83,0,0.0
8.94,15.91,60.34,1,22.75
62.9,23.62,57.94,1,20.44
39.63,20.76,11.96,1,21.54
25.26,26.08,56.54,1,22.77
48.37,30.09,33.19,1,25.07
45.38,31.96,59.66,1,24.0
32.75,29.53,32.13,1,25.96
40.84,26.1,17.36,1,23.31
48.2,19.81,80.31,0,0.0
64.39,29.99,42.08,1,19.34
63.38,34.0,41.59,1,21.87
50.77,28.82,52.31,1,23.23
10.03,36.13,21.75,1,37.84
23.18,24.12,32.89,1,25.26
60.59,36.17,82.91,0,0.0
40.82,15.22,38.88,1,24.56
20.31,22.85,54.47,1,23.79
53.48,23.68,54.71,1,18.87
36.27,26.23,53.23,1,21.14
76.97,30.93,49.09,0,0.0
38.32,35.21,62.39,1,24.46
13.58,19.11,31.12,1,30.88
89.63,31.47,65.02,0,0.0
34.15,21.49,42.58,1,21.08
5.41,32.24,33.55,1,37.1
26.61,10.0,49.28,1,26.32
20.41,30.48,45.69,1,32.78
14.94,28.78,64.35,1,29.3
51.16,24.26,60.38,0,0.0
57.43,24.41,62.54,0,0.0
67.52,26.64,19.54,1,19.05
31.92,22.83,82.49,0,0.0
100.0,34.39,59.46,0,0.0
50.71,30.65,67.9,1,20.6
41.05,25.94,51.1,1,24.89
0.0,31.59,58.89,1,30.64
67.48,33.63,39.54,1,17.61
17.41,22.61,72.25,1,26.93
59.5,30.61,42.17,1,21.89
60.09,35.32,69.17,1,21.33
44.47,20.83,51.74,0,0.0
31.5,25.99,39.15,1,20.1
49.27,27.01,38.66,1,24.12
12.85,21.66,39.62,1,27.11
41.12,25.15,14.92,1,22.88
46.2,28.94,82.21,0,0.0
0.0,28.29,91.01,1,30.84
35.17,32.65,35.53,1,27.86
66.2,45.0,62.85,1,19.34
9.62,22.14,46.81,1,26.86
28.55,34.85,55.0,1,25.74
48.1,32.78,37.66,1,20.99
18.08,21.27,45.48,1,27.88
48.87,32.96,52.25,1,22.2
50.31,22.92,10.0,1,24.4
63.52,33.76,79.72,0,0.0
48.95,22.68,48.68,1,22.6
42.21,23.85,55.01,1,18.58
0.0,23.15,30.59,1,30.0
35.94,37.17,61.53,1,26.78
22.22,34.27,53.48,1,26.96
13.92,32.73,62.53,1,24.88
67.51,18.67,87.85,0,0.0
57.77,24.7,67.06,0,0.0
41.74,27.29,34.96,1,23.41
40.43,20.04,10.0,1,27.62
60.69,26.87,49.74,0,0.0
55.94,18.73,77.29,0,0.0
59.36,30.07,55.39,1,20.77
37.92,22.98,57.04,1,21.42
15.65,28.15,56.02,1,28.1
40.54,37.43,22.98,1,25.22
12.14,25.77,88.23,1,25.28
19.8,22.69,47.5,1,27.4
56.15,19.22,59.93,0,0.0
67.8,38.06,34.7,1,16.19
40.32,30.26,74.75,1,20.15
48.04,21.15,96.79,0,0.0
48.69,41.17,55.14,1,22.69
41.39,36.61,10.76,1,27.85
39.67,24.0,66.77,0,0.0
54.24,41.17,27.74,1,23.81
53.52,27.13,42.17,1,24.33
41.18,32.04,29.13,1,23.94
74.68,29.49,48.74,0,0.0
19.99,31.23,72.65,1,24.01
50.32,23.94,53.68,1,22.33
37.83,22.47,69.88,1,17.99
71.43,36.94,42.99,0,0.0
65.15,22.21,70.81,0,0.0
62.85,18.52,69.62,0,0.0
25.92,24.15,68.73,1,24.22
84.53,16.05,87.34,0,0.0
27.02,17.69,51.22,1,23.74
75.22,16.84,54.76,0,0.0
52.27,33.21,46.58,0,0.0
48.98,30.06,63.09,1,20.24
58.6,35.35,19.43,1,22.43
43.37,29.43,45.26,1,21.11
23.26,19.4,68.59,1,21.12
54.25,14.92,41.45,1,16.58
35.71,30.23,70.67,1,20.57
73.45,39.17,74.58,0,0.0
28.83,21.19,65.45,1,25.26
58.01,16.48,76.04,0,0.0
37.32,28.75,94.91,1,26.99
41.34,30.74,72.75,1,23.96
49.6,30.48,68.32,1,22.0
32.65,23.09,33.0,1,26.35
54.16,38.72,54.89,1,21.05
37.26,31.87,71.98,1,21.56
14.64,24.5,72.81,1,27.25
46.0,27.05,41.79,1,23.65
54.84,23.32,11.93,1,22.02
27.74,31.85,47.16,1,29.72
58.67,17.44,79.24,0,0.0
37.61,28.0,19.48,1,24.07
17.95,16.34,77.25,1,23.49
34.28,15.05,32.67,1,23.45
34.03,28.12,65.04,1,27.62
37.8,17.72,46.73,1,18.74
25.86,29.41,54.03,1,24.08
40.39,20.53,72.8,1,16.68
26.41,16.52,42.0,1,19.63
26.56,19.97,59.15,1,20.97
48.54,23.17,49.57,1,25.15
19.01,32.81,71.23,1,25.98
75.76,19.14,36.65,0,0.0
50.43,30.86,61.81,1,18.05
65.95,35.19,50.41,1,15.51
55.29,31.0,53.76,1,21.12
56.29,19.86,54.53,0,0.0
49.51,24.41,52.37,1,19.82
12.87,39.25,82.63,1,27.71
34.94,28.84,60.88,1,20.79
31.19,20.59,38.36,1,21.53
58.64,37.41,43.4,1,22.94
54.44,27.53,69.85,1,15.93
62.38,33.21,39.73,1,21.17
40.81,34.51,100.0,1,15.69
51.08,32.05,50.38,1,21.26
58.86,22.76,89.39,0,0.0
29.67,23.15,72.19,1,20.59
45.51,13.56,54.72,0,0.0
35.14,37.11,29.87,1,28.69
39.4,32.53,61.8,1,25.9
38.37,22.71,33.3,1,26.77
69.89,17.54,28.55,0,0.0
55.95,30.84,49.9,1,20.06
46.72,11.46,50.4,0,0.0
48.5,45.0,62.35,1,25.56
54.65,29.94,67.14,1,20.15
54.47,20.52,66.11,0,0.0
36.65,24.93,74.52,1,19.59
46.1,22.03,29.83,1,19.86
93.53,30.03,27.45,0,0.0
65.43,41.62,23.28,1,22.76
52.79,20.92,65.69,0,0.0
45.07,29.29,73.49,0,0.0
46.71,20.52,60.11,0,0.0
36.84,20.03,68.02,1,20.57
45.76,16.86,49.01,0,0.0
97.42,19.22,84.28,0,0.0
50.61,39.31,62.44,1,22.92
69.47,34.68,42.49,0,0.0
40.94,21.4,53.73,1,21.51
44.14,27.41,71.97,0,0.0
32.87,28.48,79.0,1,16.99
57.39,22.55,31.21,0,0.0
41.31,22.77,10.89,1,28.03
58.03,19.04,50.97,0,0.0
56.98,31.68,40.32,1,21.51
74.12,31.93,70.78,0,0.0
73.21,29.87,37.78,1,20.75
36.14,23.64,60.93,1,22.39
51.23,38.9,76.43,1,23.14
24.35,29.79,91.19,1,20.87
31.96,19.37,39.3,1,18.95
45.31,33.32,36.84,1,27.81
65.61,22.4,72.09,0,0.0
62.8,28.2,66.07,0,0.0
27.1,31.18,36.03,1,25.4
61.96,18.37,66.05,0,0.0
31.06,31.07,60.21,1,21.28
5.75,29.45,23.7,1,32.06
58.58,24.89,48.41,1,19.63
51.32,30.28,24.29,1,25.3
24.67,25.29,54.21,1,25.0
73.63,34.57,28.76,1,22.42
52.74,34.64,95.25,1,20.36
65.9,28.01,55.48,0,0.0
76.27,21.27,85.65,0,0.0
17.01,29.57,13.0,1,33.83
33.15,27.86,94.08,1,17.15
74.63,40.74,55.07,1,22.66
30.15,23.6,79.62,1,25.38
27.4,40.91,44.38,1,29.27
76.08,32.98,63.3,0,0.0
45.87,30.91,10.0,1,24.97
21.98,29.7,50.91,1,33.38
35.68,25.94,53.52,1,21.91
29.83,19.09,67.45,1,20.29
62.91,22.58,60.06,0,0.0
44.33,30.18,44.67,1,21.64
30.07,25.76,24.03,1,24.41
39.88,25.31,53.76,1,24.01
32.0,18.58,34.16,1,21.0
29.6,17.93,45.88,1,23.64
33.85,24.11,36.47,1,21.91
56.46,14.5,47.81,0,0.0
48.68,45.0,62.0,1,22.13
9.48,26.44,38.34,1,30.28
42.66,22.55,89.78,0,0.0
81.65,32.7,64.64,0,0.0
52.88,13.51,49.42,0,0.0
44.02,17.16,53.95,1,23.95
43.76,33.66,47.67,1,18.06
76.26,25.08,50.13,0,0.0
83.08,38.38,99.38,0,0.0
50.91,16.38,84.54,0,0.0
49.34,19.32,43.22,0,0.0
32.84,23.23,44.03,1,22.49
49.41,35.53,44.74,1,20.95
68.59,28.36,44.38,0,0.0
22.95,31.77,63.17,1,23.82
27.27,30.74,79.58,1,23.2
3.26,22.91,54.38,1,24.93
31.64,29.05,51.25,1,15.66
32.86,30.2,10.0,1,25.69
72.77,24.3,62.66,0,0.0
2.39,32.38,59.31,1,39.99
3.32,39.07,49.25,1,34.12
36.52,23.01,61.59,0,0.0
60.01,24.09,32.4,0,0.0
70.14,23.25,62.17,0,0.0
60.16,31.8,91.97,0,0.0
58.37,27.69,80.92,0,0.0
59.9,25.64,53.72,0,0.0
50.04,26.19,59.29,1,24.0
62.38,23.81,37.22,1,20.91
74.45,22.77,50.41,0,0.0
37.15,33.98,45.67,1,25.92
51.48,18.97,56.7,0,0.0
41.26,15.59,79.12,0,0.0
54.33,37.65,36.02,1,28.42
40.27,34.95,32.87,1,22.77
34.42,19.6,79.46,1,19.0
33.59,14.26,60.4,0,0.0
43.63,17.42,94.75,0,0.0
47.12,35.85,38.07,1,25.46
50.28,35.91,69.65,1,18.04
25.8,26.14,56.87,1,26.95
75.33,31.21,56.44,0,0.0
25.96,27.54,60.16,1,22.67
41.89,13.65,37.79,0,0.0
82.75,30.9,28.29,0,0.0
14.05,34.58,45.58,1,32.75
19.26,17.22,43.33,1,23.4
0.0,23.84,66.03,1,30.15
36.77,35.08,17.61,1,27.27
53.98,23.43,55.69,0,0.0
31.84,30.17,35.35,1,26.94
38.15,28.19,35.75,1,24.75
48.14,22.89,59.48,1,15.66
68.18,24.65,63.51,0,0.0
17.57,22.03,49.23,1,27.54
27.86,23.11,59.09,1,19.69
51.35,24.67,53.13,0,0.0
14.71,29.25,90.1,1,25.54
58.85,18.11,89.05,0,0.0
77.64,21.87,91.36,0,0.0
56.06,28.64,50.03,1,21.67
5.66,19.18,51.28,1,27.78
69.38,13.34,57.87,0,0.0
60.19,26.34,63.39,0,0.0
70.59,34.29,66.67,0,0.0
56.6,22.05,72.11,1,20.66
30.41,29.53,29.14,1,28.61
7.6,18.87,49.34,1,23.89
52.78,28.76,51.11,1,20.25
78.11,23.62,42.76,0,0.0
37.84,26.02,69.79,0,0.0
71.37,27.51,46.77,0,0.0
44.25,14.88,84.9,0,0.0
53.86,33.66,34.58,1,22.56
61.94,12.11,53.02,0,0.0
53.65,30.29,40.85,1,19.08
27.07,32.89,47.62,1,20.21
24.23,15.58,30.25,1,26.72
51.26,22.75,64.12,0,0.0
31.11,18.92,19.96,1,23.64
43.07,24.09,36.09,1,20.25
60.52,19.98,39.95,0,0.0
34.97,33.83,65.31,1,26.89
22.93,24.68,39.4,1,26.27
62.87,33.25,91.59,0,0.0
59.25,42.97,42.65,1,16.14
59.25,13.82,47.55,0,0.0
48.7,29.98,59.45,1,20.89
31.46,21.59,71.6,1,23.37
68.67,18.75,88.34,0,0.0
59.71,39.47,21.87,1,21.02
59.43,19.65,70.15,0,0.0
58.9,28.99,35.24,0,0.0
69.99,32.46,54.22,0,0.0
4.48,19.5,93.23,1,22.09
65.15,18.22,58.69,0,0.0
45.25,45.0,21.63,1,30.09
60.44,30.09,40.34,1,15.96
57.06,29.09,67.77,1,20.33
47.96,20.83,40.76,1,24.53
40.24,27.32,36.91,1,26.82
83.82,20.85,47.44,0,0.0
57.93,25.49,37.54,1,21.88
26.67,36.49,78.4,1,25.86
56.08,20.97,55.6,0,0.0
62.53,16.07,85.07,0,0.0
40.77,22.61,49.24,1,18.56
70.54,29.37,30.86,0,0.0
78.53,20.38,31.93,0,0.0
51.77,20.43,59.33,0,0.0
67.02,34.43,65.64,0,0.0
80.22,27.0,31.36,0,0.0
86.72,19.9,47.77,0,0.0
43.92,20.12,77.44,1,22.07
26.92,16.16,60.16,1,24.18
44.95,22.88,33.16,1,24.63
14.09,38.13,66.48,1,29.73
17.68,25.96,65.06,1,30.47
40.15,19.82,79.6,0,0.0
77.57,25.01,86.81,0,0.0
42.26,23.36,48.18,1,21.68
33.12,25.84,56.57,1,19.37
25.41,18.93,21.25,1,18.96
30.82,40.67,44.48,1,29.58
47.62,26.46,31.09,1,28.25
11.35,19.83,49.4,1,25.44
30.43,42.16,78.81,1,28.67
67.12,23.05,38.68,0,0.0
62.23,27.97,23.46,0,0.0
43.52,26.47,94.45,0,0.0
55.11,37.42,100.0,0,0.0
54.83,30.99,58.91,1,19.9
0.0,31.77,57.52,1,35.27
31.5,24.18,94.83,0,0.0
34.0,25.97,71.81,1,19.17
34.36,22.75,53.46,1,23.5
9.48,34.45,60.05,1,33.75
67.03,30.27,81.92,0,0.0
43.04,42.91,72.78,1,22.71
19.23,29.05,57.91,1,25.63
76.77,31.87,32.18,0,0.0
28.9,24.29,46.73,1,20.52
42.45,23.08,10.0,1,29.88
37.47,27.13,31.57,1,31.31
48.13,34.16,58.51,1,18.14
47.64,23.82,50.63,1,19.07
46.05,19.58,40.66,0,0.0
64.56,12.26,78.07,0,0.0
38.96,10.0,47.77,0,0.0
24.79,23.39,85.6,1,21.01
13.05,24.71,50.73,1,27.2
55.23,40.55,71.31,1,20.41
37.87,35.26,42.45,1,25.68
34.96,17.39,61.46,1,20.38
34.33,35.55,37.46,1,26.68
53.7,30.33,39.09,1,24.28
0.66,30.52,10.0,1,36.24
33.36,18.78,51.04,1,21.56
23.97,37.48,92.15,1,22.52
86.92,38.16,68.58,0,0.0
44.02,25.88,61.62,1,24.58
23.45,36.64,61.26,1,31.86
22.77,26.75,44.37,1,23.78
95.23,14.12,54.35,0,0.0
47.46,26.21,29.02,1,20.82
1.2,35.36,74.17,1,31.61
66.49,28.57,73.08,0,0.0
71.24,29.25,58.88,0,0.0
50.74,21.18,42.23,0,0.0
23.68,41.87,81.63,1,28.76
46.43,17.95,41.09,0,0.0
69.79,24.23,76.37,0,0.0
91.07,16.64,80.18,0,0.0
25.53,34.05,61.72,1,24.21
30.62,41.35,55.01,1,27.8
29.4,34.57,28.01,1,27.55
47.23,25.75,62.92,1,21.93
25.28,25.01,78.9,1,21.46
52.03,13.15,55.94,1,16.88
28.31,32.35,24.14,1,28.15
32.31,25.35,69.88,1,23.06
38.22,29.59,52.53,1,22.91
41.35,20.07,54.3,0,0.0
22.72,28.81,59.25,1,26.34
53.16,30.86,63.9,0,0.0
47.99,29.55,55.14,0,0.0
48.21,42.49,47.8,1,24.14
51.25,35.35,29.84,1,26.22
42.16,29.37,75.59,1,19.67
61.4,26.55,56.46,0,0.0
42.0,35.34,53.33,1,20.71
48.57,35.6,67.06,1,24.53
50.3,35.93,51.97,1,24.93
69.36,34.4,72.44,0,0.0
33.57,29.33,73.66,1,23.93
74.05,20.59,38.26,0,0.0
51.15,23.33,82.04,0,0.0
45.79,16.95,28.68,1,15.91
65.25,25.89,100.0,0,0.0
41.37,26.26,74.91,1,19.68
9.27,22.65,66.65,1,29.37
21.01,10.79,72.16,1,14.14
47.9,32.55,52.56,1,20.47
37.59,17.56,40.71,1,22.32
48.36,20.03,51.37,0,0.0
48.57,37.0,25.52,1,24.47
70.06,23.86,41.15,0,0.0
47.07,41.29,60.55,1,24.34
44.78,21.31,71.47,1,18.15
25.49,36.12,68.29,1,27.29
35.05,21.53,39.81,1,19.8
8.38,18.4,13.49,1,29.01
38.47,19.7,31.56,1,21.61
51.33,20.8,58.62,1,20.88
36.75,28.8,50.19,1,22.64
41.71,28.48,35.13,1,18.48
12.99,18.48,58.19,1,24.15
45.69,13.22,68.1,0,0.0
25.12,29.94,37.87,1,24.81
9.14,24.32,52.53,1,24.72
37.0,28.89,54.1,1,21.95
68.43,18.77,64.75,0,0.0
54.62,25.58,44.43,1,18.11
25.6,24.22,79.75,1,20.87
38.79,22.7,40.8,1,21.04
77.18,32.8,76.82,0,0.0
42.0,16.97,44.51,1,22.77
22.86,24.44,51.97,1,23.33
30.52,25.63,45.96,1,22.48
40.69,24.4,40.43,1,25.87
47.8,33.97,27.2,1,22.28
15.46,21.82,78.84,1,26.06
14.35,25.63,61.03,1,23.09
27.19,26.55,65.73,1,18.77
47.86,32.95,68.86,1,20.08
6.84,24.25,75.03,1,30.77
53.59,29.66,43.88,1,23.4
26.15,38.3,48.56,1,28.29
56.72,21.84,26.69,1,21.23
28.1,16.51,53.16,1,22.35
63.99,26.58,92.11,0,0.0
38.07,15.72,49.75,1,20.53
54.25,18.74,58.45,0,0.0
75.56,33.21,70.22,0,0.0
52.77,35.75,28.34,1,21.24
52.58,35.61,43.06,0,0.0
36.76,33.39,65.75,1,23.63
19.42,30.61,38.31,1,34.06
33.39,22.72,53.14,1,23.79
48.73,21.88,92.81,0,0.0
60.38,22.74,62.26,0,0.0
7.21,41.11,80.81,1,27.84
51.95,27.61,62.11,1,20.03
73.95,30.98,34.01,1,23.01
100.0,19.14,59.86,0,0.0
56.06,23.16,93.47,0,0.0
11.22,23.7,15.49,1,27.58
45.57,12.46,48.59,1,20.8
27.73,26.78,55.36,1,22.48
56.85,10.0,42.4,0,0.0
57.67,27.16,26.89,1,18.49
43.42,22.95,45.38,1,20.87
43.24,42.19,26.53,1,25.43
31.43,24.77,39.38,1,26.83
61.04,33.04,26.68,1,13.04
28.81,33.7,65.34,1,24.72
31.22,28.43,70.32,1,20.14
63.65,24.09,69.01,1,19.92
52.87,21.83,58.63,0,0.0
48.9,19.86,59.13,1,21.15
64.24,25.34,70.0,0,0.0
25.98,29.23,35.17,1,26.08
50.94,18.68,76.08,0,0.0
30.91,16.24,52.1,1,20.15
37.74,12.95,47.23,1,19.42
31.04,38.75,16.77,1,32.22
62.19,27.56,77.79,0,0.0
23.03,36.94,52.73,1,31.33
24.36,31.17,43.2,1,27.11
15.0,21.55,82.02,1,25.09
49.86,24.94,82.13,0,0.0
49.64,35.02,39.45,1,23.13
77.59,24.39,50.15,0,0.0
35.9,19.72,42.85,1,23.09
49.15,29.15,33.09,1,23.85
30.3,38.59,50.14,1,29.64
70.44,26.22,47.24,0,0.0
51.76,33.24,55.08,1,25.36
52.63,29.18,24.62,0,0.0
52.77,26.34,44.7,1,19.85
67.56,27.6,40.06,1,18.51
55.53,23.66,42.0,1,18.52
54.6,25.12,18.27,1,21.57
39.05,25.28,74.73,1,15.29
41.79,23.61,35.68,1,22.47
44.81,29.15,91.27,0,0.0
50.57,23.44,38.07,1,17.54
52.19,43.44,40.68,1,23.86
52.92,28.84,80.68,0,0.0
0.0,23.53,76.95,1,18.56
56.42,28.71,33.2,1,16.37
47.21,22.62,64.88,0,0.0
27.86,19.12,49.87,1,23.0
7.81,27.32,66.17,1,30.69
51.49,14.37,10.0,1,20.8
68.57,17.39,65.4,0,0.0
53.39,28.94,55.17,0,0.0
72.11,22.72,65.09,0,0.0
21.41,37.05,48.05,1,31.92
8.16,33.24,43.2,1,32.84
14.14,28.15,98.92,1,25.03
66.51,28.47,59.19,0,0.0
49.68,34.25,38.28,1,25.6
27.24,33.98,49.26,1,27.85
43.8,30.45,60.82,0,0.0
22.58,33.51,52.36,1,23.8
23.41,12.85,52.97,1,18.3
43.64,29.55,96.86,0,0.0
68.19,33.81,39.42,1,18.14
48.71,37.56,67.11,1,21.95
15.32,25.54,79.13,1,19.57
47.53,20.11,39.15,1,15.72
25.52,31.92,28.85,1,23.89
59.64,25.62,45.71,0,0.0
10.09,30.46,62.67,1,29.81
22.45,34.9,58.09,1,26.81
42.85,35.54,33.47,1,25.74
33.09,33.3,88.99,1,22.82
21.93,32.28,58.99,1,26.48
11.78,30.52,13.73,1,33.42
48.84,40.64,75.5,1,20.72
44.05,15.92,36.19,0,0.0
4.28,27.33,50.02,1,27.47
59.32,28.59,48.52,1,20.92
51.15,21.23,60.53,1,18.31
86.96,23.32,55.65,0,0.0
49.47,14.8,44.08,0,0.0
47.71,33.96,67.92,0,0.0
85.84,29.07,39.47,0,0.0
48.52,22.33,58.96,0,0.0
36.91,22.2,26.35,1,24.72
55.3,32.74,61.49,1,20.03
17.85,20.7,35.72,1,30.32
54.75,34.5,37.41,1,22.41
61.94,26.19,47.3,1,20.05
31.63,26.57,33.83,1,20.47
57.18,28.83,16.01,1,16.38
72.39,19.4,80.11,0,0.0
26.99,19.07,62.01,1,20.21
35.34,14.53,10.39,1,22.02
33.94,31.87,78.47,1,21.28
55.0,17.5,59.46,0,0.0
58.6,13.44,39.77,0,0.0
47.0,30.37,84.93,0,0.0
35.05,35.05,60.93,1,27.68
21.86,17.67,23.97,1,29.17
81.99,32.9,78.26,0,0.0
21.87,32.95,63.35,1,27.67
51.46,35.99,80.9,1,22.41
55.28,23.77,70.13,0,0.0
66.08,18.64,60.72,0,0.0
56.07,26.76,23.1,1,20.29
62.62,27.01,62.91,0,0.0
33.21,23.79,72.13,1,22.61
66.54,11.81,31.12,0,0.0
17.95,15.91,63.26,1,23.01
58.81,28.86,68.16,0,0.0
21.26,34.4,43.22,1,26.61
26.74,24.08,61.88,1,22.09
35.25,34.52,64.93,1,30.57
67.89,17.28,70.28,0,0.0
33.98,28.18,73.9,1,21.05
59.85,22.54,59.33,0,0.0
40.62,32.36,34.2,1,24.97
33.05,29.59,66.69,1,22.68
53.21,25.38,82.86,0,0.0
62.46,20.24,53.41,0,0.0
24.89,29.52,44.25,1,25.73
79.38,20.73,59.39,0,0.0
33.59,32.97,30.42,1,29.67
33.07,24.91,71.18,1,18.62
40.57,18.76,91.41,0,0.0
61.63,28.47,35.31,1,20.45
41.23,35.35,75.43,1,23.06
23.4,22.7,58.92,1,20.52
44.84,28.11,49.45,1,24.78
71.2,25.49,73.75,0,0.0
71.23,19.36,49.93,0,0.0
54.79,31.8,38.22,1,17.22
73.84,23.41,56.12,0,0.0
67.92,10.0,54.67,0,0.0
35.93,39.08,37.25,1,29.68
70.23,22.33,40.34,0,0.0
53.51,16.19,44.21,0,0.0
61.76,22.25,10.0,1,17.72
4.65,10.0,71.28,1,23.08
72.78,31.46,87.33,0,0.0
44.31,15.68,50.41,0,0.0
57.53,27.32,67.47,1,22.61
38.69,20.41,59.92,1,21.03
39.34,23.04,45.57,1,22.55
32.17,38.66,37.88,1,29.46
12.37,30.36,33.9,1,30.1
58.86,34.74,72.23,1,18.38
33.47,37.3,41.01,1,26.41
29.08,20.35,26.13,1,23.34
49.86,33.66,65.54,1,19.77
55.2,35.91,57.53,1,17.73
16.1,31.66,66.56,1,28.22
73.14,23.61,74.11,0,0.0
32.83,31.15,63.19,1,24.64
44.24,43.72,78.69,1,25.28
65.14,30.63,55.52,0,0.0
43.38,10.0,59.21,0,0.0
76.85,27.14,31.22,0,0.0
24.08,30.31,60.82,1,25.98
45.68,17.44,69.03,0,0.0
54.92,27.01,63.3,1,20.35
47.77,19.4,37.63,1,21.57
39.87,25.35,46.86,1,21.38
15.05,35.97,41.69,1,29.68
58.38,31.7,62.68,0,0.0
49.99,18.72,49.94,1,21.15
45.3,20.18,67.91,0,0.0
0.0,32.48,54.52,1,32.28
0.0,28.95,60.83,1,25.21
100.0,24.86,69.62,0,0.0
3.19,25.81,49.69,1,28.81
50.29,25.95,29.72,1,18.19
3.99,32.17,65.14,1,27.34
30.84,25.16,23.08,1,25.53
73.55,24.06,70.13,0,0.0
58.19,21.37,61.15,0,0.0
71.41,20.88,67.55,0,0.0
41.83,25.71,38.09,1,22.09
49.82,27.59,70.96,1,18.13
62.38,18.7,66.76,0,0.0
6.77,27.65,45.63,1,31.09
31.93,21.36,56.51,1,22.79
68.33,30.72,11.44,1,17.79
54.59,10.0,100.0,0,0.0
47.98,35.27,100.0,1,22.3
47.61,26.01,45.48,1,17.43
17.99,26.47,21.31,1,29.35
47.94,23.35,100.0,0,0.0
20.11,28.63,42.84,1,22.76
53.64,22.23,74.36,0,0.0
72.48,21.03,64.51,0,0.0
35.52,21.6,87.19,1,20.25
28.56,18.47,43.61,1,20.27
44.8,15.18,32.6,1,21.56
37.16,19.88,34.45,1,22.43
63.56,23.52,31.93,0,0.0
28.53,23.37,81.51,1,22.99
19.56,28.48,76.25,1,26.83
70.85,38.65,61.1,1,21.71
53.95,23.49,46.03,1,16.2
42.13,34.68,11.17,1,32.2
35.8,30.8,55.06,1,28.09
17.0,31.11,50.89,1,26.93
79.96,34.28,40.2,0,0.0
37.29,30.04,59.8,1,26.82
64.39,29.29,27.21,1,20.9
43.97,30.52,48.63,1,19.99
51.18,22.41,50.29,0,0.0
67.38,24.94,84.06,0,0.0
43.38,19.94,13.28,1,16.54
72.57,27.81,62.79,0,0.0
21.04,33.21,60.74,1,27.98
77.72,25.45,56.39,0,0.0
92.84,12.3,68.66,0,0.0
56.34,22.4,54.02,1,24.48
61.16,21.06,46.52,0,0.0
9.09,24.69,69.66,1,26.17
54.76,21.86,52.17,1,21.83
45.18,25.34,56.53,1,14.69
85.84,28.09,62.96,0,0.0
30.3,25.7,23.01,1,28.06
24.36,23.92,80.76,1,19.71
70.09,32.12,65.77,0,0.0
92.89,42.3,41.27,1,19.5
54.98,15.15,51.59,0,0.0
61.56,34.5,13.51,1,24.57
41.27,32.1,62.02,1,22.42
20.67,19.15,69.19,1,22.29
36.52,24.86,75.94,1,16.78
59.87,25.57,55.63,1,20.0
50.78,18.75,50.61,1,15.39
49.02,27.71,55.83,1,22.55
74.56,20.04,57.72,0,0.0
23.61,33.69,100.0,1,24.55
46.69,22.0,18.58,1,17.48
79.08,26.19,48.08,0,0.0
22.56,21.63,56.36,1,26.91
49.97,27.55,63.0,1,17.32
45.92,19.48,56.62,0,0.0
95.79,26.72,26.92,0,0.0
55.39,38.71,43.21,1,21.03
17.39,23.95,49.85,1,27.41
31.33,25.08,54.71,1,23.54
53.72,32.91,62.85,1,17.44
46.0,30.36,69.58,1,17.43
33.52,30.75,75.68,1,23.5
47.47,26.13,50.77,1,22.25
90.52,21.03,65.36,0,0.0
27.61,26.92,57.75,1,29.61
22.4,28.91,13.51,1,29.24
60.89,33.82,44.93,1,17.98
22.44,29.17,29.53,1,25.36
55.99,39.61,28.97,1,19.87
45.31,28.53,46.07,1,21.97
65.81,13.31,47.62,0,0.0
26.64,39.12,42.29,1,30.1
33.17,14.07,46.43,1,21.54
28.07,33.48,48.38,1,25.94
60.42,43.67,71.54,1,21.91
24.48,27.44,57.14,1,22.52
52.99,29.52,65.09,1,18.28
34.72,18.61,90.7,0,0.0
40.5,20.5,100.0,0,0.0
36.42,29.91,67.0,1,27.85
55.12,19.61,49.86,0,0.0
86.36,17.22,79.05,0,0.0
61.76,26.29,38.15,1,20.83
64.44,26.91,43.0,0,0.0
61.39,29.97,35.68,1,17.33
15.34,21.28,32.32,1,24.96
12.46,41.16,80.05,1,28.74
53.35,35.34,38.63,1,23.5
18.28,32.07,80.82,1,28.59
58.98,24.13,70.67,0,0.0
19.74,21.57,56.58,1,24.47
65.54,31.2,87.38,0,0.0
20.66,36.54,42.9,1,34.57
54.13,16.53,36.64,1,19.33
46.59,32.31,68.93,1,20.75
38.75,33.01,66.07,1,24.41
42.42,21.04,39.82,1,18.13
69.67,21.36,58.77,0,0.0
39.79,16.43,50.59,1,19.73
49.47,18.61,76.68,0,0.0
48.97,26.94,44.64,1,21.88
10.06,23.23,49.9,1,30.47
29.57,23.51,44.75,1,21.48
60.42,19.62,63.56,0,0.0
33.77,24.69,88.5,1,14.74
5.02,27.24,67.28,1,29.52
68.25,23.22,72.9,0,0.0
26.9,14.35,49.5,1,21.5
46.24,20.51,51.2,0,0.0
72.26,24.87,45.22,0,0.0
20.16,19.12,33.08,1,26.25
59.79,45.0,10.01,1,26.15
33.27,22.66,36.82,1,28.41
45.46,36.46,24.75,1,18.56
31.01,28.13,57.06,1,21.27
61.06,28.68,69.66,0,0.0
51.23,18.69,47.05,1,18.7
27.97,27.04,24.37,1,28.66
67.37,23.31,44.53,0,0.0
62.52,22.03,67.89,0,0.0
5.48,23.01,31.42,1,27.68
63.52,26.36,51.45,0,0.0
64.28,26.86,39.58,0,0.0
31.28,22.68,57.14,1,22.86
32.74,26.6,78.68,1,21.81
32.96,22.57,37.99,1,23.73
40.56,17.55,90.36,0,0.0
16.86,23.91,57.22,1,26.88
64.52,36.8,42.43,1,17.44
40.93,26.74,68.19,1,21.01
5.65,26.85,60.87,1,28.55
47.5,37.61,62.63,1,20.68
41.6,38.46,51.33,1,23.87
66.98,40.72,64.01,1,19.16
0.0,32.22,57.68,1,31.17
37.31,24.12,75.43,1,23.2
53.62,18.07,52.43,0,0.0
1.11,38.2,69.06,1,33.68
17.36,23.61,71.84,1,17.16
40.46,26.01,57.71,1,23.79
50.18,35.37,24.62,1,26.5
20.21,16.48,40.08,1,24.38
32.71,21.01,42.77,1,24.79
41.41,26.23,80.84,0,0.0
71.31,28.47,51.79,1,18.34
37.93,18.37,74.05,1,24.84
69.48,25.62,47.7,0,0.0
85.72,30.28,45.16,0,0.0
25.54,29.85,51.55,1,27.08
15.98,27.53,75.98,1,26.91
24.09,26.82,42.51,1,27.66
58.8,34.61,68.83,1,17.14
44.94,23.27,48.12,1,17.34
5.85,22.32,58.87,1,24.86
83.01,34.16,87.87,0,0.0
68.35,21.93,42.11,0,0.0
68.72,37.78,43.94,1,17.29
52.65,34.87,20.14,1,24.18
47.27,30.21,51.24,1,20.64
64.41,29.93,59.41,0,0.0
37.43,33.29,55.75,1,28.81
65.77,27.65,44.78,0,0.0
41.63,24.72,62.81,1,19.07
9.41,20.42,64.53,1,28.98
51.56,33.67,38.78,1,21.57
62.3,28.06,60.97,0,0.0
59.14,41.59,34.84,1,23.01
60.73,23.08,10.0,1,23.82
10.14,22.75,86.36,1,29.27
41.48,27.58,52.38,1,22.21
28.88,34.07,54.11,1,27.61
43.9,20.54,55.15,0,0.0
35.25,16.95,68.88,1,16.69
71.68,44.48,55.92,1,23.98
18.62,27.14,58.59,1,29.52
35.03,20.34,48.16,1,19.48
33.72,16.54,80.1,0,0.0
19.64,25.82,56.37,1,22.86
24.06,38.98,65.48,1,25.46
42.9,31.29,54.49,1,21.97
32.92,24.6,13.28,1,28.41
29.53,40.29,56.74,1,27.26
52.96,29.76,46.48,1,20.65
56.12,13.67,46.32,1,16.91
32.92,23.86,30.7,1,19.38
47.72,26.63,52.1,1,22.22
41.19,22.98,49.38,1,24.68
32.44,27.69,61.77,1,21.03
15.69,14.62,62.33,1,22.52
44.64,20.17,54.09,0,0.0
72.82,17.51,51.08,0,0.0
56.41,24.68,44.63,1,19.98
55.33,20.13,26.9,1,18.15
57.53,26.44,59.1,0,0.0
82.77,25.85,68.95,0,0.0
51.16,17.88,64.04,0,0.0
45.58,31.89,30.35,1,23.34
86.96,26.03,66.82,0,0.0
83.84,14.77,56.89,0,0.0
0.0,29.08,57.79,1,30.05
100.0,25.19,65.2,0,0.0
50.9,25.33,46.79,1,25.43
47.73,10.87,47.78,1,20.87
67.06,37.09,59.38,0,0.0
0.0,31.79,38.7,1,30.98
39.7,27.24,60.37,1,21.53
33.06,15.28,52.82,1,20.4
72.24,25.34,52.61,0,0.0
61.41,28.29,46.6,0,0.0
73.89,18.41,43.17,0,0.0
21.07,16.55,12.52,1,26.58
100.0,20.04,36.57,0,0.0
49.86,23.71,67.25,0,0.0
17.37,14.41,10.53,1,24.96
32.37,35.7,79.56,1,19.6
33.67,22.8,41.86,1,20.2
37.27,22.55,59.17,1,19.55
70.42,20.14,22.64,0,0.0
28.65,29.25,10.0,1,32.53
14.99,16.65,88.45,1,18.38
0.0,24.54,50.45,1,28.75
14.59,30.16,75.13,1,25.56
45.75,34.64,53.6,0,0.0
41.96,34.42,37.13,1,23.65
0.0,38.7,36.97,1,36.08
70.15,29.84,50.3,0,0.0
60.96,13.89,67.92,0,0.0
70.05,28.13,67.88,0,0.0
9.95,20.97,68.45,1,28.17
53.07,20.23,39.08,1,13.7
78.47,30.09,79.54,0,0.0
69.89,42.62,28.58,1,23.2
14.11,30.45,71.67,1,28.13
11.66,16.54,57.73,1,23.3
61.19,30.72,72.16,0,0.0
57.05,23.88,96.08,0,0.0
87.11,27.24,27.49,0,0.0
47.52,32.96,79.48,1,19.24
64.51,27.01,68.72,0,0.0
53.94,22.53,88.07,0,0.0
49.8,30.4,35.03,1,29.3
52.86,38.13,43.62,1,21.41
53.7,24.24,65.76,0,0.0
25.03,30.63,72.27,1,27.25
20.65,30.28,31.59,1,25.23
26.16,23.16,50.72,1,24.98
13.29,34.98,38.26,1,31.93
48.99,34.66,64.58,1,23.74
48.89,25.97,74.28,1,19.16
94.84,25.07,48.64,0,0.0
66.43,16.45,15.69,0,0.0
12.32,24.03,65.05,1,21.46
46.39,33.04,21.1,1,27.96
64.08,35.53,99.04,0,0.0
47.19,24.08,55.04,1,19.61
27.78,36.64,75.4,1,26.45
51.82,37.5,56.49,1,29.27
56.96,27.35,69.45,0,0.0
92.76,28.26,49.54,0,0.0
66.94,33.07,45.05,1,16.4
48.7,30.17,89.15,0,0.0
19.43,20.73,28.27,1,32.3
51.4,35.55,57.68,1,20.52
38.79,16.17,60.29,1,19.81
46.87,25.86,37.58,1,22.83
22.13,27.61,59.66,1,22.78
49.61,19.07,62.0,0,0.0
66.26,43.36,37.78,1,21.55
65.82,18.14,64.61,0,0.0
40.86,19.78,71.45,0,0.0
56.04,24.59,52.71,0,0.0
29.76,28.47,85.61,1,22.67
74.96,21.29,25.9,0,0.0
34.05,40.08,55.7,1,22.75
66.8,23.0,55.88,0,0.0
35.31,26.68,54.67,1,25.17
40.6,27.45,47.56,1,19.81
82.84,20.81,39.54,0,0.0
59.49,30.14,51.83,0,0.0
46.85,16.05,57.87,1,16.03
14.35,38.06,42.76,1,33.4
41.76,30.07,37.32,1,23.06
18.59,29.36,49.73,1,24.73
76.83,33.14,74.28,0,0.0
10.42,40.67,53.78,1,31.51
68.34,26.84,80.57,0,0.0
23.47,22.28,74.15,0,0.0
42.01,16.98,45.47,1,17.8
33.95,19.32,100.0,1,18.6
76.64,24.2,57.58,0,0.0
31.81,33.89,57.52,1,21.66
27.13,15.51,55.24,1,18.26
72.4,35.4,54.35,0,0.0
82.6,30.65,48.44,0,0.0
52.88,32.81,42.37,1,21.35
41.32,10.0,50.56,1,17.54
46.05,21.71,62.21,0,0.0
26.22,36.33,73.58,1,25.65
55.75,31.5,21.11,1,23.06
37.84,45.0,61.04,1,21.61
72.8,17.58,34.93,0,0.0
73.33,32.41,51.84,0,0.0
32.99,27.98,56.47,1,27.23
54.88,24.46,69.84,0,0.0
23.36,24.18,56.69,1,25.83
20.82,27.4,57.27,1,28.02
65.38,22.84,42.68,0,0.0
58.98,37.14,48.7,1,23.33
55.11,30.05,31.18,1,20.61
22.32,24.57,43.28,1,22.47
64.18,34.89,16.05,1,22.05
62.14,26.52,55.58,0,0.0
69.24,18.32,67.16,0,0.0
59.33,43.27,44.42,1,24.6
69.67,26.95,47.24,1,17.36
16.75,23.38,67.38,1,27.76
71.36,17.49,46.13,0,0.0
42.71,27.59,68.82,1,19.51
44.1,20.52,52.73,1,18.47
45.64,27.53,46.35,1,21.47
30.58,45.0,34.24,1,29.29
3.46,25.35,97.92,1,18.74
15.02,33.29,77.5,1,27.49
72.81,39.51,50.07,0,0.0
28.58,24.01,49.82,1,25.59
70.49,25.8,76.97,0,0.0
46.29,33.35,56.45,1,23.21
34.7,26.11,63.79,1,24.35
16.56,32.9,70.1,1,23.4
13.2,22.35,36.94,1,29.52
19.29,33.16,26.32,1,29.3
37.69,30.53,65.43,1,24.85
51.13,23.94,58.64,1,18.72
8.92,29.32,62.29,1,24.64
74.52,30.44,50.42,0,0.0
28.56,36.12,57.75,1,26.48
28.71,37.51,82.06,1,22.79
0.0,16.63,28.21,1,29.26
18.09,25.03,65.11,1,22.36
42.43,17.32,73.03,1,16.68
29.68,23.77,10.0,1,26.73
64.4,19.31,42.62,0,0.0
24.91,18.73,74.92,1,19.87
37.38,18.11,51.63,1,18.75
61.18,21.05,45.34,0,0.0
31.73,27.26,48.71,1,19.55
8.41,31.31,75.74,1,25.87
50.89,31.85,14.45,1,21.45
59.06,44.49,50.44,1,20.82
71.42,27.76,36.87,1,19.65
24.48,29.67,74.95,1,26.47
37.84,35.59,30.8,1,24.66
66.31,25.19,80.37,0,0.0
20.54,36.97,86.02,1,26.55
38.88,28.02,40.93,1,26.99
0.0,29.38,48.04,1,30.81
61.14,34.84,60.66,1,18.03
45.39,21.38,66.58,1,21.94
70.11,22.2,71.41,0,0.0
58.92,23.38,34.53,1,13.31
9.98,25.76,56.65,1,23.88
28.64,29.74,66.64,1,26.29
52.95,21.77,49.39,0,0.0
42.84,34.78,68.71,1,24.36
71.92,25.65,84.43,0,0.0
59.14,37.33,51.13,1,23.72
42.34,17.75,97.86,0,0.0
48.18,35.09,42.83,1,21.64
9.14,24.98,59.9,1,23.85
76.88,27.72,83.62,0,0.0
27.4,28.88,50.68,1,25.9
32.55,14.12,81.56,0,0.0
32.84,14.64,89.82,0,0.0
46.17,33.39,63.43,1,17.93
28.81,28.31,39.26,1,27.53
64.25,18.42,98.93,0,0.0
44.97,34.63,100.0,0,0.0
40.49,10.35,58.85,0,0.0
44.22,22.42,14.01,1,26.36
33.18,30.08,23.64,1,26.67
29.75,21.68,47.13,1,21.16
37.06,26.71,33.02,1,25.87
31.61,20.15,90.97,1,17.9
67.12,28.4,60.15,0,0.0
30.01,29.36,44.1,1,26.5
75.72,26.22,60.98,0,0.0
32.4,33.05,10.0,1,25.37
19.93,25.5,62.71,1,26.91
31.69,29.58,57.49,1,27.45
45.61,20.72,41.94,1,17.94
50.36,32.01,53.98,1,21.21
34.68,20.52,19.89,1,23.34
30.94,25.34,64.33,1,21.31
64.94,34.89,32.4,1,20.97
42.06,11.46,27.01,1,16.18
36.73,27.23,84.25,1,21.67
73.58,37.04,60.7,0,0.0
54.22,34.34,53.38,1,25.96
56.37,34.6,61.67,0,0.0
35.02,35.38,38.85,1,23.9
80.68,38.77,37.32,0,0.0
31.39,31.3,65.19,1,26.25
100.0,19.8,20.79,0,0.0
13.64,16.55,34.97,1,22.32
55.36,23.46,51.41,1,17.81
39.71,29.56,16.17,1,21.48
54.84,41.45,58.16,1,23.52
50.94,38.67,12.52,1,31.08
50.64,38.55,42.42,1,23.63
0.65,18.82,33.06,1,33.12
51.48,32.77,51.72,1,23.46
46.16,25.14,68.69,0,0.0
64.53,19.07,33.02,0,0.0
43.23,23.82,72.8,0,0.0
41.0,36.79,85.78,1,24.35
69.61,20.36,36.86,0,0.0
78.46,20.95,52.47,0,0.0
58.9,24.37,28.9,1,16.85
28.25,12.25,26.52,1,18.73
15.38,26.98,44.13,1,35.59
27.64,30.9,69.99,1,20.11
44.75,25.79,46.28,1,20.35
21.96,27.76,62.72,1,24.73
9.59,22.95,49.84,1,25.2
82.42,21.04,100.0,0,0.0
46.84,30.33,100.0,0,0.0
22.59,21.72,55.64,1,20.52
78.87,28.06,49.15,0,0.0
62.97,21.22,91.93,0,0.0
50.14,26.92,75.61,1,18.33
34.47,17.74,63.18,1,18.21
35.9,17.57,37.02,1,20.94
38.98,15.61,58.74,1,16.78
41.22,28.26,38.7,1,23.71
32.33,26.32,75.22,1,26.1
54.0,22.05,44.22,0,0.0
22.49,26.71,25.51,1,29.79
53.45,23.74,47.66,1,16.6
37.84,20.98,37.19,0,0.0
71.79,22.19,78.27,0,0.0
19.28,19.38,100.0,1,23.88
50.15,22.58,63.65,0,0.0
4.35,17.75,55.42,1,24.43
23.51,21.52,72.06,1,22.83
62.58,30.36,83.93,0,0.0
36.41,17.89,46.42,1,25.06
64.21,14.44,76.66,0,0.0
62.96,24.43,69.05,0,0.0
68.42,16.75,41.63,0,0.0
9.91,27.66,91.12,1,31.1
67.33,28.62,64.98,0,0.0
48.9,30.76,43.43,1,21.43
61.53,19.54,53.97,1,21.02
71.98,27.17,61.42,0,0.0
76.21,13.34,28.69,0,0.0
39.46,22.3,29.92,1,18.52
86.82,26.84,53.84,0,0.0
64.25,33.62,76.47,0,0.0
39.04,32.38,44.45,1,25.04
60.7,14.56,69.29,0,0.0
59.15,32.44,87.16,1,21.83
73.87,29.04,55.64,0,0.0
59.64,24.84,63.1,0,0.0
27.92,36.03,56.1,1,27.65
33.86,27.23,77.75,1,22.67
22.45,18.9,61.45,1,18.9
55.02,20.12,87.11,0,0.0
13.57,20.47,10.0,1,29.17
36.72,30.23,24.55,1,26.22
45.24,26.35,29.57,1,21.98
52.98,34.35,61.49,1,17.22
39.59,26.81,94.06,1,23.01
56.95,22.02,57.34,0,0.0
26.22,24.31,50.88,1,23.3
69.12,20.44,27.56,0,0.0
59.64,35.78,71.01,1,23.8
41.87,29.4,79.87,1,17.08
38.82,12.27,57.76,0,0.0
46.06,33.06,45.46,1,23.25
68.83,31.73,20.68,1,24.71
27.45,17.15,50.6,1,21.91
39.04,31.43,47.25,1,19.59
0.0,29.48,35.41,1,35.69
26.03,34.43,46.33,1,30.32
28.19,31.81,46.28,1,23.69
44.11,36.4,16.32,1,27.83
48.87,36.17,53.51,1,23.26
46.99,24.27,65.32,0,0.0
32.78,23.3,82.06,0,0.0
52.91,27.24,21.38,1,23.15
56.79,10.0,82.33,0,0.0
58.73,32.19,37.47,1,20.97
3.57,35.17,39.5,1,30.73
50.44,26.6,65.96,0,0.0
30.15,26.19,92.96,1,22.5
45.77,23.61,50.07,1,20.69
72.49,29.52,78.74,0,0.0
36.71,21.93,61.29,1,21.17
26.38,27.3,68.74,1,23.75
39.34,12.82,58.16,0,0.0
43.36,33.94,69.95,1,23.2
42.91,39.43,25.42,1,27.34
61.27,21.09,20.13,1,18.96
74.79,18.11,78.09,0,0.0
37.44,17.96,46.86,1,21.44
33.17,37.89,32.71,1,26.79
0.0,25.57,100.0,1,24.18
43.85,26.64,58.21,1,19.7
78.75,28.72,69.54,0,0.0
70.73,25.2,60.55,0,0.0
25.06,31.82,46.13,1,24.04
58.98,22.6,52.65,0,0.0
6.65,16.7,61.73,1,26.15
64.34,32.03,91.4,0,0.0
57.98,22.91,100.0,0,0.0
45.24,29.71,82.19,1,17.5
62.48,27.55,58.66,0,0.0
10.65,28.65,73.1,1,29.56
30.92,19.62,53.66,1,23.03
29.5,36.58,94.34,1,25.98
23.87,34.53,75.95,1,27.38
0.0,22.51,42.48,1,28.46
36.62,21.23,33.82,1,23.26
31.78,23.4,45.87,1,24.76
0.0,34.15,83.73,1,26.16
35.99,21.71,59.48,0,0.0
22.64,37.77,36.44,1,33.24
8.81,31.45,52.65,1,29.56
54.49,31.95,78.57,1,16.06
35.53,45.0,69.49,1,34.15
49.84,29.11,54.27,0,0.0
45.36,35.47,43.01,1,26.39
26.81,23.84,34.64,1,21.07
26.99,36.94,36.69,1,28.07
68.58,36.18,72.28,0,0.0
40.38,18.66,93.87,0,0.0
58.27,34.42,43.89,1,24.25
79.56,23.71,29.28,0,0.0
49.18,27.41,47.13,0,0.0
54.41,40.81,64.29,1,24.05
52.94,33.52,62.91,1,17.82
40.02,29.2,48.68,1,24.29
61.66,35.98,56.56,0,0.0
38.1,27.31,18.28,1,28.16
52.63,36.56,42.4,1,23.55
41.32,21.59,88.31,0,0.0
58.99,13.87,78.6,0,0.0
46.95,25.41,63.0,1,20.09
60.64,20.62,54.6,0,0.0
36.43,26.93,32.32,1,22.71
55.8,24.71,31.58,1,16.69
45.79,17.04,64.23,0,0.0
35.98,29.06,39.55,1,21.22
57.62,39.35,100.0,0,0.0
60.76,14.54,85.05,0,0.0
35.32,35.66,49.91,1,25.6
23.73,34.15,33.88,1,25.05
60.19,22.68,28.04,0,0.0
44.36,18.73,31.97,1,22.68
38.54,24.43,46.57,1,25.06
38.88,18.34,80.49,0,0.0
79.61,11.28,58.91,0,0.0
37.93,25.42,60.91,1,19.45
38.24,22.61,79.58,1,20.25
61.17,25.15,39.52,0,0.0
45.04,19.59,44.99,1,22.45
0.0,25.74,89.51,1,29.09
47.0,22.33,10.16,1,21.23
28.99,23.51,89.9,1,25.53
35.7,18.76,64.37,1,22.57
0.0,31.69,74.71,1,27.4
54.02,26.49,39.18,1,20.92
15.3,12.65,80.22,1,22.38
36.19,23.3,33.49,1,18.05
30.28,24.82,67.2,1,23.71
71.98,34.41,64.41,0,0.0
25.38,32.18,88.59,1,28.18
14.49,18.92,72.1,1,26.75
44.69,20.92,50.73,0,0.0
22.43,33.81,72.46,1,23.36
37.83,18.43,78.53,0,0.0
23.29,27.21,42.2,1,27.92
17.02,11.93,54.38,1,18.48
68.78,31.67,54.44,1,20.76
28.54,19.73,71.36,1,21.92
28.07,31.26,39.89,1,29.4
31.78,15.99,33.95,1,24.5
42.42,23.44,64.71,0,0.0
51.11,21.88,37.05,0,0.0
37.49,26.66,59.71,0,0.0
28.85,24.26,85.1,1,19.09
74.9,17.81,62.88,0,0.0
34.91,21.38,40.36,1,29.48
67.03,30.44,22.87,1,22.2
27.93,33.76,69.09,1,27.98
23.05,24.47,83.71,1,14.57
46.79,23.9,55.15,1,20.05
7.54,41.31,35.06,1,34.57
37.31,26.56,64.66,1,22.85
75.4,12.05,70.2,0,0.0
72.45,27.99,41.54,0,0.0
62.86,31.49,34.41,1,18.58
44.17,32.25,14.7,1,25.55
28.23,21.8,50.71,0,0.0
30.97,20.87,65.66,1,19.0
75.85,33.96,73.05,0,0.0
55.86,25.36,51.08,1,17.64
74.86,25.88,67.37,0,0.0
65.63,17.14,63.9,0,0.0
62.84,19.21,41.86,0,0.0
29.76,24.9,86.52,1,19.24
27.45,29.33,28.34,1,27.39
70.98,31.67,40.72,1,19.08
20.29,25.8,83.76,1,23.7
77.74,16.98,29.29,0,0.0
52.45,28.17,85.85,0,0.0
36.92,27.01,57.35,1,24.23
55.4,28.47,67.3,1,18.84
32.38,31.2,62.71,1,25.13
50.87,32.11,82.84,1,19.18
61.2,21.93,56.08,0,0.0
25.88,43.22,26.85,1,31.68
59.27,19.82,67.15,0,0.0
44.39,45.0,20.52,1,32.31
62.83,25.57,49.19,0,0.0
61.32,31.22,75.8,0,0.0
40.44,20.42,47.28,1,22.54
97.14,28.35,56.19,0,0.0
32.24,26.6,77.56,1,20.08
26.5,23.85,56.48,1,23.32
38.6,28.01,18.33,1,22.16
29.08,28.34,51.79,1,24.45
79.46,38.47,16.54,1,20.13
48.1,24.21,57.35,1,18.03
27.07,23.86,59.69,1,26.13
35.12,28.99,74.25,1,23.97
40.58,28.34,32.01,1,24.85
57.84,25.11,59.35,0,0.0
59.07,26.46,49.48,0,0.0
43.74,23.86,68.16,1,21.28
74.3,20.76,56.39,0,0.0
38.47,41.02,48.85,1,28.29
24.99,21.01,30.88,1,17.71
55.89,41.38,57.96,1,17.91
35.82,19.88,72.2,1,18.47
59.5,37.69,93.05,1,21.3
100.0,24.52,43.15,0,0.0
33.36,29.79,28.6,1,28.12
43.86,27.99,64.51,1,19.36
56.69,25.12,58.33,1,16.91
24.75,13.45,44.02,1,24.44
18.2,23.6,25.24,1,26.39
21.52,34.79,53.58,1,27.68
60.46,32.48,61.7,1,18.89
55.84,24.63,55.04,0,0.0
35.86,22.18,64.35,1,25.41
19.87,36.02,48.64,1,28.56
47.84,29.2,25.31,1,26.84
41.51,36.52,51.21,1,21.61
93.38,37.47,49.31,0,0.0
50.76,16.89,63.9,0,0.0
26.17,34.85,71.11,1,27.62
16.69,33.85,49.59,1,29.1
86.99,26.71,98.18,0,0.0
37.39,22.59,87.74,0,0.0
59.71,23.09,45.79,1,18.24
36.9,34.93,86.95,1,22.03
34.79,27.56,61.42,1,21.92
46.71,14.99,36.42,0,0.0
43.54,40.22,59.76,1,23.03
37.96,29.27,66.61,1,24.2
77.78,33.36,40.85,1,21.37
28.3,38.57,96.56,1,23.14
41.55,32.0,80.56,1,22.04
74.96,24.81,75.62,0,0.0
53.62,26.21,53.88,0,0.0
71.9,21.87,40.2,1,20.56
0.0,23.04,18.76,1,24.05
42.26,19.01,56.2,0,0.0
46.66,24.1,85.04,1,21.35
38.47,40.9,23.94,1,25.48
90.08,25.58,51.34,0,0.0
63.92,33.67,70.78,0,0.0
30.87,17.95,56.68,1,16.43
36.53,23.58,44.24,1,23.39
39.24,28.28,35.17,1,24.29
14.94,33.97,37.37,1,33.08
63.51,27.24,47.75,1,20.38
32.63,21.44,13.55,1,25.15
67.72,29.51,81.68,0,0.0
67.76,23.3,70.55,0,0.0
49.7,13.11,49.66,0,0.0
34.58,19.65,71.92,1,18.21
45.84,45.0,78.07,1,26.87
48.33,10.23,41.42,0,0.0
7.5,18.9,15.38,1,31.22
67.14,29.9,35.73,0,0.0
9.86,18.12,37.22,1,24.82
51.78,25.37,55.21,1,18.5
53.37,26.9,48.33,1,22.75
26.07,25.72,60.62,1,24.53
50.62,39.83,24.39,1,23.37
57.08,15.68,61.93,0,0.0
30.32,16.87,45.7,1,23.76
57.55,38.65,60.28,1,20.52
34.11,23.47,24.6,1,25.46
48.64,19.75,63.72,0,0.0
42.17,33.14,70.82,1,18.09
100.0,39.22,69.45,0,0.0
42.73,23.2,80.28,1,16.9
35.58,34.85,87.0,1,26.88
39.95,10.0,60.94,0,0.0
47.8,27.38,28.47,1,24.55
58.65,33.63,67.08,0,0.0
43.58,27.64,57.15,1,24.16
86.55,42.45,56.59,0,0.0
69.74,23.22,38.97,0,0.0
36.07,31.29,23.81,1,24.77
57.46,31.49,39.26,1,17.39
49.8,37.4,14.05,1,22.64
11.96,33.77,65.89,1,31.63
35.41,23.97,98.71,0,0.0
59.7,27.04,18.03,0,0.0
33.42,34.39,70.77,1,23.81
77.32,20.25,59.26,0,0.0
41.52,36.37,40.9,1,22.47
37.0,45.0,68.53,1,23.45
7.39,19.82,57.3,1,31.69
49.58,24.74,60.38,0,0.0
79.37,25.68,53.27,0,0.0
41.09,32.86,33.65,1,24.88
15.47,34.4,44.36,1,27.0
52.56,44.22,70.63,1,23.11
38.67,36.62,71.13,0,0.0
24.92,33.61,58.03,1,23.31
6.88,26.38,99.21,1,31.22
62.65,34.19,94.48,0,0.0
41.26,34.23,84.08,1,18.72
47.78,32.82,70.96,0,0.0
83.23,22.51,49.7,0,0.0
98.97,28.69,37.98,0,0.0
60.38,25.69,71.81,0,0.0
35.14,12.93,28.52,1,27.72
46.32,38.64,51.8,1,23.48
42.5,25.49,77.87,1,20.57
65.63,29.72,35.59,0,0.0
47.98,25.8,56.75,1,24.56
18.4,13.07,61.65,1,21.78
56.68,35.99,24.86,1,22.71
60.41,42.35,74.11,1,18.13
33.71,22.85,68.1,1,18.67
36.28,33.14,62.03,1,25.57
77.53,28.65,47.28,0,0.0
49.99,10.0,51.31,0,0.0
17.71,20.5,71.19,1,24.07
51.13,27.65,79.86,0,0.0
15.84,38.41,62.41,1,25.96
52.92,26.18,86.48,0,0.0
28.25,33.27,73.51,1,26.24
44.25,28.64,78.3,1,20.24
72.05,10.45,96.04,0,0.0
32.46,26.71,52.07,1,23.37
50.22,22.95,60.9,0,0.0
46.86,23.15,44.8,1,22.33
33.03,20.92,67.27,1,22.07
26.88,14.54,44.34,1,20.15
32.26,32.19,49.24,1,25.92
48.9,26.83,65.21,0,0.0
72.99,25.34,28.77,0,0.0
27.98,31.66,99.19,1,21.19
9.89,30.18,37.29,1,27.15
59.64,34.05,55.47,0,0.0
76.79,21.75,11.76,0,0.0
22.9,33.92,47.38,1,32.02
20.82,23.04,53.49,1,26.62
33.11,30.35,43.46,1,22.25
89.29,17.57,48.56,0,0.0
83.25,17.73,94.67,0,0.0
53.34,20.11,66.42,0,0.0
70.33,20.2,52.74,0,0.0
25.25,32.19,65.71,1,24.39
66.28,44.54,45.97,1,24.87
17.55,24.86,75.96,1,21.43
56.87,27.02,66.69,0,0.0
54.59,23.97,59.63,0,0.0
70.77,22.56,77.58,0,0.0
49.04,23.54,34.68,0,0.0
23.89,24.73,59.24,1,25.34
27.36,16.9,64.6,1,26.08
59.2,31.47,88.95,0,0.0
57.92,24.75,27.76,0,0.0
44.82,27.43,93.53,0,0.0
68.58,23.95,48.77,0,0.0
30.15,30.69,55.15,1,27.11
37.95,42.04,53.12,1,28.08
59.19,33.5,59.17,0,0.0
45.37,35.61,65.55,1,19.54
30.59,29.88,63.21,1,26.03
53.12,27.11,35.26,0,0.0
53.62,28.22,42.64,0,0.0
57.59,25.14,66.14,1,15.81
31.01,25.53,84.1,0,0.0
83.72,27.95,53.08,0,0.0
36.27,34.34,33.63,1,26.21
29.76,45.0,63.38,1,31.88
16.57,39.27,10.0,1,31.46
56.63,28.53,51.66,1,16.72
15.06,32.09,68.87,1,29.08
58.86,25.01,78.81,0,0.0
49.22,24.62,74.22,1,17.34
18.44,24.98,85.31,1,23.47
21.64,35.92,32.29,1,29.85
77.34,21.61,77.87,0,0.0
50.04,13.21,10.94,1,19.08
22.5,19.38,66.23,1,23.28
60.6,18.78,47.88,1,18.78
47.53,43.14,27.01,1,31.77
38.5,33.02,35.36,1,24.67
60.97,34.85,86.39,0,0.0
68.87,24.6,73.04,0,0.0
53.91,29.96,22.91,1,19.97
11.25,32.82,72.43,1,26.66
72.6,41.26,57.94,1,19.75
55.61,26.16,54.31,1,24.54
17.0,26.27,31.39,1,30.41
16.14,31.47,89.89,1,27.13
53.18,36.9,37.52,1,21.86
21.64,24.7,77.15,1,25.69
47.93,30.66,38.99,1,22.01
50.55,29.24,52.23,1,25.76
63.14,29.89,50.34,0,0.0
42.38,29.05,17.39,1,20.31
49.14,25.33,84.56,0,0.0
29.97,37.64,57.62,1,32.57
31.12,26.3,49.55,1,19.32
62.62,30.78,67.38,0,0.0
31.88,35.88,45.05,1,27.69
74.23,33.8,29.09,0,0.0
56.58,26.55,45.9,1,21.02
46.05,32.46,47.5,1,24.05
58.14,37.04,27.45,1,24.34
68.14,25.8,40.31,1,20.58
21.71,18.57,59.51,1,23.57
58.59,22.03,12.71,1,18.81
39.48,18.89,18.69,1,23.13
70.12,35.31,38.68,0,0.0
54.93,31.45,63.0,0,0.0
27.66,26.79,64.74,1,25.36
51.62,27.59,68.71,1,18.93
39.63,27.57,64.69,1,22.42
71.85,28.86,42.02,0,0.0
17.68,19.43,61.72,1,22.41
37.34,22.76,45.27,1,25.11
44.62,23.18,28.01,1,25.73
30.87,32.04,53.6,1,25.51
30.17,24.59,57.43,1,23.28
82.38,21.72,21.7,0,0.0
41.99,22.36,59.16,1,16.62
8.7,29.07,57.71,1,24.75
54.43,35.9,60.56,1,18.98
17.68,34.41,56.64,1,24.42
54.27,24.67,49.48,0,0.0
56.33,22.46,11.87,1,21.44
37.26,39.17,63.58,1,25.47
43.63,25.16,48.95,1,20.0
23.48,19.14,95.91,1,21.44
23.85,31.36,52.67,1,25.12
48.21,24.03,39.69,1,18.62
56.3,31.79,37.41,1,18.76
50.64,25.93,63.67,1,20.83
10.7,32.78,88.67,1,25.67
42.52,19.17,67.86,0,0.0
39.0,19.97,57.54,1,19.29
45.45,20.09,67.54,0,0.0
25.23,42.69,64.53,1,31.15
81.84,25.98,61.95,0,0.0
42.06,25.61,58.7,1,22.3
49.75,18.52,36.23,0,0.0
39.36,34.36,31.74,1,26.95
39.0,30.22,52.21,1,23.08
58.34,16.18,47.73,0,0.0
55.67,37.45,47.18,1,23.46
71.57,32.72,36.73,1,18.32
57.51,25.44,48.86,1,20.39
61.53,25.42,88.33,0,0.0
32.72,37.67,46.1,1,32.01
41.91,14.31,54.61,0,0.0
68.34,38.12,41.3,1,22.83
66.47,30.49,16.15,1,17.32
40.95,33.86,61.1,1,25.9
19.03,10.0,57.98,1,18.79
10.99,21.86,51.11,1,28.59
77.16,19.75,72.62,0,0.0
58.89,23.94,76.43,0,0.0
31.41,26.92,50.21,1,22.52
44.41,29.77,55.66,1,25.67
44.85,28.52,60.91,1,17.71
38.97,16.61,80.57,0,0.0
41.13,33.28,63.45,1,20.13
38.3,14.79,41.19,1,19.05
15.36,35.06,52.96,1,30.42
29.24,30.19,47.66,1,24.88
74.83,32.07,73.46,0,0.0
13.05,37.43,96.09,1,29.69
21.91,19.54,21.33,1,29.2
42.17,29.12,82.51,1,22.85
84.84,26.08,43.45,0,0.0
38.05,18.9,80.62,1,20.47
19.74,18.39,57.14,1,21.8
65.44,32.13,82.56,0,0.0
38.14,32.31,63.96,1,26.77
81.96,30.78,76.24,0,0.0
45.29,33.38,87.26,1,21.03
72.55,11.66,26.56,0,0.0
45.28,31.24,56.29,1,21.12
56.41,33.96,79.41,1,22.6
50.48,16.34,44.37,0,0.0
66.01,22.72,70.93,0,0.0
41.46,28.74,47.18,1,18.19
40.04,23.64,44.68,1,23.66
49.64,33.97,66.51,1,19.09
51.26,31.02,82.96,1,19.39
42.96,31.7,76.36,1,22.39
19.92,20.01,60.45,1,22.13
45.89,31.42,31.98,1,24.92
70.15,23.27,34.47,0,0.0
43.1,24.28,50.68,1,20.87
43.68,15.04,62.83,0,0.0
77.21,20.42,18.83,0,0.0
51.93,19.94,24.41,1,25.37
0.0,23.79,88.28,1,24.94
39.34,19.15,20.9,1,20.71
49.95,33.21,25.98,1,24.14
55.66,22.68,79.04,0,0.0
50.38,20.7,46.73,1,18.43
63.78,16.29,25.11,0,0.0
35.17,22.61,19.64,1,24.23
58.07,27.48,52.35,1,17.76
55.73,15.3,38.23,0,0.0
60.64,26.54,54.73,0,0.0
39.01,21.66,62.67,0,0.0
71.6,15.27,38.87,0,0.0
36.3,17.8,59.38,1,16.87
23.08,45.0,49.97,1,30.06
57.22,21.63,36.34,1,18.68
6.48,39.51,46.32,1,38.85
24.98,34.23,41.97,1,23.49
52.95,23.76,48.86,1,20.87
28.13,31.91,58.95,1,21.17
52.84,27.14,72.83,0,0.0
51.73,16.03,63.14,1,17.21
29.8,22.03,57.6,1,20.99
61.94,30.74,19.63,1,24.59
61.6,29.61,59.4,1,23.21
25.94,34.55,53.28,1,23.71
39.3,20.02,45.72,1,17.46
36.88,27.68,22.71,1,22.95
29.05,34.52,59.51,1,29.89
38.81,22.98,72.43,1,20.02
72.83,25.51,55.66,0,0.0
26.31,27.54,82.94,1,23.54
41.76,29.32,70.0,1,21.29
51.5,30.36,34.86,1,17.71
54.65,31.62,69.95,0,0.0
51.18,36.97,83.28,1,20.0
67.22,16.49,48.54,0,0.0
64.5,29.58,24.88,1,18.13
51.62,21.33,34.49,0,0.0
69.44,24.2,58.14,0,0.0
23.65,18.19,34.89,1,23.63
29.09,39.23,75.54,1,27.29
75.29,25.47,54.37,0,0.0
59.04,31.46,45.5,1,19.72
59.3,24.25,23.26,1,20.0
81.11,18.61,46.47,0,0.0
72.12,26.76,36.85,0,0.0
36.91,18.43,37.14,1,25.55
47.16,25.25,60.84,1,20.26
47.3,33.08,55.46,1,18.57
5.42,41.19,72.26,1,29.71
32.26,37.8,26.6,1,28.73
61.54,26.27,19.84,1,17.08
46.59,37.04,20.21,1,23.15
37.37,32.18,51.53,1,23.57
49.6,32.44,40.35,1,23.94
65.91,25.59,62.62,0,0.0
43.08,28.81,65.74,1,21.01
7.81,22.21,53.11,1,31.5
7.83,23.45,12.46,1,31.73
76.82,27.84,75.88,0,0.0
36.3,17.14,60.5,0,0.0
70.9,25.87,78.9,0,0.0
50.38,28.47,54.1,1,19.78
26.48,18.53,79.86,1,21.81
78.3,25.13,81.45,0,0.0
24.5,39.94,74.81,1,28.39
36.93,32.8,10.0,1,27.51
40.01,28.45,28.06,1,30.3
40.99,24.17,75.59,1,24.86
88.44,20.54,38.61,0,0.0
53.84,28.23,51.96,1,23.29
14.49,22.82,71.4,1,22.23
65.37,17.97,48.97,0,0.0
33.52,32.48,43.62,1,28.12
58.43,32.22,42.45,0,0.0
52.22,27.51,66.12,0,0.0
36.39,41.06,25.55,1,29.14
38.28,24.78,38.93,1,26.61
54.4,27.72,35.27,1,25.62
37.39,24.37,43.78,1,15.91
53.1,21.08,22.79,1,19.0
38.23,37.27,26.82,1,24.71
67.99,15.98,63.15,0,0.0
3.82,32.59,72.53,1,31.69
67.73,27.72,45.97,0,0.0
44.25,30.99,48.52,0,0.0
70.37,28.33,47.41,0,0.0
75.49,10.0,63.69,0,0.0
54.98,27.9,67.71,0,0.0
7.54,23.85,63.14,1,26.93
65.54,22.46,62.25,0,0.0
48.64,33.24,30.46,1,22.51
93.03,20.96,95.8,0,0.0
43.05,24.91,41.16,1,18.55
43.48,37.48,42.78,1,20.98
52.48,28.85,56.27,1,18.32
55.04,26.8,61.3,1,20.46
58.54,28.35,85.37,0,0.0
71.1,31.25,18.16,1,21.86
43.96,28.97,48.1,1,21.17
70.49,26.2,47.35,0,0.0
50.38,28.31,62.77,0,0.0
12.98,31.38,84.69,1,27.6
50.68,26.95,47.05,0,0.0
64.75,21.57,39.4,0,0.0
7.34,16.33,54.64,1,27.38
38.96,44.71,50.44,1,25.25
47.48,31.3,79.07,0,0.0
40.08,30.13,66.74,1,22.69
28.82,37.91,74.85,1,20.8
24.06,31.75,29.31,1,28.82
43.68,28.81,33.68,1,23.03
38.51,28.66,57.06,1,20.84
39.01,27.02,27.5,1,23.93
19.45,35.1,80.39,1,26.68
42.13,29.93,45.07,1,25.48
28.72,18.84,25.79,1,25.67
58.02,26.17,31.86,0,0.0
68.05,23.61,57.87,0,0.0
51.73,23.8,75.93,1,17.04
42.47,23.14,26.61,1,20.96
51.51,28.04,48.97,1,21.9
59.07,14.58,10.0,1,15.23
40.75,24.89,86.75,1,19.48
61.74,29.58,45.85,1,18.27
51.46,16.17,59.08,0,0.0
78.53,16.05,42.98,0,0.0
51.71,28.26,35.88,1,22.28
43.97,29.63,52.7,1,21.22
55.06,43.14,34.69,1,23.6
48.15,33.84,13.56,1,23.6
30.96,29.7,77.41,1,22.77
47.29,27.01,33.21,1,24.61
52.9,21.35,45.82,0,0.0
14.32,15.18,42.99,1,24.63
24.62,21.3,45.89,1,27.76
66.09,34.17,78.37,0,0.0
20.55,19.25,81.69,1,17.99
36.38,25.33,60.37,1,20.39
58.71,22.53,51.87,0,0.0
32.16,23.01,66.83,1,18.81
56.11,41.38,67.11,1,23.26
23.54,27.81,54.4,1,26.43
52.59,24.82,56.17,0,0.0
38.6,36.74,61.38,1,27.99
17.78,19.23,89.25,1,21.19
21.02,30.13,65.89,1,23.39
38.29,28.79,32.61,1,28.67
37.74,25.49,52.27,1,19.5
39.59,38.29,73.93,1,26.07
22.65,26.71,74.41,1,22.59
91.45,34.43,83.28,0,0.0
64.36,21.98,70.92,0,0.0
50.8,36.21,44.22,1,22.59
24.41,28.59,20.62,1,30.48
34.58,21.16,50.31,1,24.03
30.89,21.08,68.14,1,19.59
47.48,29.18,72.17,0,0.0
6.78,23.03,91.03,1,32.66
41.14,14.53,10.0,1,19.82
71.01,33.07,59.55,0,0.0
25.78,28.78,68.94,1,22.89
58.01,29.98,33.59,1,20.07
40.31,38.12,65.02,1,22.97
46.27,21.9,36.75,1,23.37
57.08,37.61,44.16,1,23.34
24.75,14.68,46.08,1,22.25
49.88,18.65,47.15,0,0.0
9.48,20.13,39.58,1,30.89
58.24,16.51,78.88,0,0.0
5.03,22.06,64.92,1,27.08
38.89,22.82,57.21,1,21.38
65.02,21.53,38.05,0,0.0
63.44,32.96,28.68,1,21.02
45.83,19.48,64.17,0,0.0
80.89,37.81,67.08,0,0.0
46.3,32.36,84.55,1,19.42
10.91,26.42,71.47,1,29.47
34.17,13.16,45.1,1,18.54
57.37,40.9,57.47,1,20.66
47.49,21.2,57.4,1,19.48
54.15,30.04,19.56,1,22.18
23.08,19.27,63.67,1,18.67
54.56,16.92,57.8,0,0.0
62.71,39.47,27.71,1,21.75
53.67,28.51,47.95,1,16.53
64.76,30.21,73.36,0,0.0
31.86,19.45,62.18,1,22.33
18.85,28.92,86.34,1,25.9
25.63,17.33,70.4,1,22.96
22.22,10.0,35.38,1,25.25
58.46,29.14,47.0,0,0.0
73.11,28.41,12.95,0,0.0
27.84,23.18,66.26,1,21.97
71.27,22.12,92.28,0,0.0
46.78,25.03,57.47,1,21.16
29.94,19.14,100.0,0,0.0
58.98,15.75,49.41,0,0.0
54.46,10.0,58.32,0,0.0
51.49,19.75,37.89,0,0.0
23.95,23.67,31.13,1,24.52
19.08,25.75,70.06,1,21.82
49.52,34.83,31.61,1,19.9
37.14,27.24,37.91,1,19.99
46.54,34.39,33.06,1,23.84
69.24,16.55,51.62,0,0.0
42.96,10.0,65.02,1,18.62
24.38,23.41,90.4,1,24.34
52.13,22.37,50.99,0,0.0
55.99,37.56,77.37,0,0.0
49.48,32.16,67.38,1,24.62
19.46,19.42,59.67,1,26.2
39.68,34.54,54.64,1,24.37
50.45,34.21,80.83,1,20.55
49.28,30.42,56.1,1,22.9
75.32,16.45,55.2,0,0.0
38.78,29.82,68.39,1,17.61
25.7,33.28,10.0,1,33.61
71.32,25.61,13.77,1,21.08
63.49,22.36,56.74,0,0.0
28.61,33.69,31.05,1,23.99
15.2,28.02,78.23,1,22.17
61.8,38.8,42.08,1,21.34
77.44,23.36,28.35,0,0.0
60.98,27.04,43.84,1,20.99
29.63,27.34,27.97,1,27.05
36.29,26.77,55.81,1,25.32
41.87,32.35,63.01,1,21.03
42.04,30.54,47.66,1,25.96
63.79,21.68,66.42,0,0.0
52.83,27.96,78.79,0,0.0
43.76,34.3,59.67,1,23.41
43.13,27.06,43.27,1,18.43
17.16,20.84,51.51,1,24.86
0.0,38.02,76.73,1,36.57
25.45,40.21,35.7,1,28.11
45.29,29.7,51.91,1,23.14
34.55,23.03,71.22,1,20.95
69.45,15.32,77.66,0,0.0
50.04,31.19,75.74,1,18.8
18.72,27.97,64.96,1,28.98
29.5,23.27,92.91,1,19.97
43.66,21.25,87.47,0,0.0
22.45,23.84,14.97,1,24.58
57.35,22.29,72.76,0,0.0
60.62,25.49,57.82,0,0.0
42.32,20.98,68.89,1,24.46
5.18,24.47,57.45,1,27.11
49.91,18.3,36.1,1,17.76
55.76,17.41,90.3,0,0.0
40.53,29.31,43.69,1,24.54
64.21,32.54,51.56,0,0.0
91.98,33.65,36.56,0,0.0
38.3,26.05,30.41,1,26.53
56.58,10.0,79.33,0,0.0
37.81,32.02,37.81,1,27.0
39.57,13.91,53.73,0,0.0
68.97,27.1,46.57,1,18.32
30.0,35.08,58.87,1,26.22
23.59,23.31,55.07,1,26.36
49.35,32.98,55.19,1,24.2
45.27,26.91,35.91,1,22.93
34.96,34.75,30.0,1,28.19
51.31,26.66,60.02,1,16.0
38.01,38.32,41.81,1,24.66
43.26,22.92,64.73,1,20.94
23.98,24.62,50.49,1,24.19
63.31,35.3,35.22,1,18.44
97.65,23.99,88.55,0,0.0
25.21,22.19,38.09,1,22.94
28.61,35.11,79.48,1,27.47
46.85,23.52,35.94,1,19.06
25.12,35.07,93.01,1,27.19
40.08,17.64,67.24,1,19.27
40.15,33.74,35.29,1,21.56
46.7,19.38,41.32,0,0.0
39.79,16.59,56.74,1,21.36
75.83,36.34,70.55,0,0.0
45.45,32.35,47.17,1,19.83
22.38,20.27,55.0,1,20.59
48.31,33.76,32.43,1,22.99
87.35,24.12,57.91,0,0.0
43.76,28.6,53.28,1,18.41
67.61,27.22,85.82,0,0.0
36.3,32.71,22.54,1,26.47
21.56,14.27,92.37,0,0.0
48.68,27.48,10.0,1,23.85
52.09,33.32,47.25,1,21.47
16.79,17.92,25.76,1,25.5
50.48,25.14,52.95,1,20.83
57.23,27.26,51.96,1,19.9
70.78,31.59,45.41,1,16.53
34.56,18.54,63.24,0,0.0
53.66,25.69,45.41,1,19.29
23.23,45.0,45.26,1,25.15
19.65,32.78,61.43,1,27.33
39.41,24.4,53.38,1,23.52
55.0,30.5,72.69,1,19.23
68.78,22.34,37.89,0,0.0
48.66,14.02,64.24,0,0.0
67.69,22.3,50.93,0,0.0
72.66,22.24,58.64,0,0.0
52.47,25.16,80.63,0,0.0
36.58,30.14,64.14,1,27.68
39.29,36.1,40.72,1,31.04
69.3,27.74,48.36,0,0.0
51.21,19.19,39.14,0,0.0
35.79,26.8,60.47,1,23.03
40.84,21.49,59.53,1,24.13
37.74,16.31,50.61,1,19.14
11.69,21.05,84.09,1,24.95
58.46,18.75,83.09,0,0.0
63.99,14.99,68.55,0,0.0
62.04,33.4,56.32,0,0.0
60.59,26.58,37.54,0,0.0
15.46,23.43,77.05,1,23.57
61.1,21.17,56.91,0,0.0
60.58,15.96,38.0,0,0.0
39.81,35.48,44.89,1,25.65
66.37,26.38,68.69,0,0.0
72.56,42.04,65.42,0,0.0
33.84,31.29,46.57,1,28.63
30.87,27.23,37.12,1,23.69
68.5,41.81,26.38,1,17.57
14.63,27.32,69.98,1,29.52
41.14,13.15,55.52,0,0.0
57.78,22.04,46.3,0,0.0
0.0,19.24,23.59,1,30.39
34.24,20.11,10.0,1,25.57
36.75,16.82,74.44,1,16.54
37.16,38.75,53.54,1,23.51
7.11,25.88,61.51,1,25.75
22.5,22.93,54.93,1,23.82
53.16,20.68,73.68,0,0.0
38.6,38.21,86.13,1,18.5
76.58,32.56,95.13,0,0.0
76.57,33.15,81.97,0,0.0
49.33,15.99,48.85,0,0.0
46.5,18.27,22.38,1,20.48
76.61,33.42,76.15,0,0.0
10.16,23.81,49.82,1,26.84
53.83,32.97,49.44,0,0.0
35.34,27.31,79.46,1,20.7
50.8,27.31,73.61,0,0.0
33.5,26.92,42.2,1,23.68
49.53,26.3,59.3,1,17.42
46.92,28.41,54.92,1,21.97
43.72,15.98,62.44,0,0.0
39.43,24.4,60.62,1,18.29
73.72,28.99,43.78,0,0.0
77.91,25.35,41.21,0,0.0
34.02,22.84,29.41,1,19.92
56.83,24.33,50.86,1,22.65
39.36,22.58,37.71,1,22.9
37.27,21.3,39.61,1,19.87
64.9,23.26,52.01,0,0.0
44.75,24.7,54.0,1,23.33
29.11,22.02,66.9,1,24.84
58.77,31.27,83.38,0,0.0
58.34,33.89,28.23,1,18.26
30.42,23.63,59.85,1,26.31
28.24,21.09,81.32,1,21.91
54.47,26.79,65.49,0,0.0
50.38,16.43,41.24,0,0.0
37.51,20.51,44.33,1,19.27
43.35,15.06,38.3,1,18.43
31.06,26.48,61.87,1,21.15
28.99,26.87,54.29,1,21.0
39.29,38.38,27.77,1,30.11
45.71,19.39,39.57,1,16.36
40.82,24.15,92.02,0,0.0
47.05,28.73,33.59,1,22.89
0.0,31.62,32.66,1,32.84
38.06,33.42,79.2,1,22.28
29.89,42.63,41.14,1,33.2
51.32,22.31,51.97,0,0.0
49.49,29.45,57.67,0,0.0
19.69,21.76,60.83,1,24.4
57.7,19.82,67.2,0,0.0
52.55,25.73,91.61,0,0.0
25.63,28.74,70.05,1,25.11
52.64,10.6,60.99,0,0.0
55.74,33.61,58.9,1,22.74
57.5,32.63,53.05,1,19.94
36.55,17.81,59.83,1,22.41
60.82,25.01,31.44,1,21.48
60.1,34.59,50.76,1,17.34
43.88,26.45,59.13,1,19.79
29.47,33.59,56.53,1,23.89
18.36,36.16,66.09,1,26.42
63.45,27.87,86.96,0,0.0
16.66,29.56,59.9,1,27.07
11.65,33.93,37.44,1,29.08
53.66,28.15,40.15,1,16.89
40.51,34.53,54.91,1,28.33
33.24,25.69,98.42,1,18.84
52.74,27.0,71.53,0,0.0
28.21,22.27,43.56,1,23.08
32.55,14.48,75.14,1,20.0
39.04,30.17,84.49,1,19.84
12.62,19.19,56.46,1,24.41
33.94,19.59,31.46,1,27.66
79.61,30.78,46.4,0,0.0
44.34,28.55,54.14,0,0.0
77.09,30.44,61.6,0,0.0
48.27,22.82,67.33,0,0.0
48.72,30.93,51.03,1,19.94
25.68,28.66,68.57,1,21.49
34.14,25.65,28.21,1,24.93
45.66,24.32,52.67,1,21.69
43.5,34.65,74.41,1,22.46
58.15,29.2,76.22,1,16.36
23.28,22.09,74.52,1,20.01
52.25,35.14,58.61,1,16.39
21.36,23.23,51.34,1,25.59
18.49,36.42,78.7,1,27.59
51.85,18.06,73.22,0,0.0
36.81,18.43,10.0,1,23.66
36.94,25.81,68.11,1,27.2
25.55,13.4,100.0,1,22.27
19.59,33.74,52.84,1,29.81
51.69,18.7,48.51,1,19.58
50.24,33.53,47.77,1,15.46
36.01,32.35,47.19,1,21.67
65.07,30.84,71.51,0,0.0
41.79,25.04,49.39,1,19.23
61.99,13.61,90.55,0,0.0
44.15,33.35,25.96,1,23.31
72.31,26.67,64.0,0,0.0
54.74,38.74,74.91,1,21.36
56.55,30.55,77.24,1,19.2
57.84,24.32,36.54,0,0.0
43.47,15.37,72.21,0,0.0
99.3,37.51,49.78,0,0.0
51.06,22.88,58.85,0,0.0
43.11,28.27,28.73,1,23.84
47.58,25.49,77.76,0,0.0
49.55,36.08,53.41,1,22.51
69.75,25.2,80.67,0,0.0
27.81,31.76,48.91,1,21.97
45.1,23.78,33.73,1,19.06
44.04,17.43,61.33,1,20.82
61.18,34.66,79.73,1,19.95
30.63,32.48,69.17,1,29.48
45.23,29.98,35.39,1,26.53
38.84,24.57,42.1,1,19.75
17.68,21.5,93.98,1,25.2
68.54,39.84,19.57,1,17.81
35.61,24.9,46.06,1,23.25
30.54,11.77,35.14,1,19.38
22.41,23.56,32.38,1,23.96
28.02,17.84,51.93,1,22.0
53.12,26.51,39.05,1,22.05
47.85,38.23,64.19,1,24.5
58.51,21.42,45.83,0,0.0
51.84,30.55,77.01,0,0.0
25.51,28.61,40.51,1,34.25
43.43,23.39,45.4,1,20.92
35.87,25.09,81.89,1,23.14
18.17,30.77,86.09,1,29.26
73.45,27.37,67.56,0,0.0
50.85,36.31,43.21,1,21.35
40.47,31.54,45.93,1,24.44
70.07,21.65,19.08,0,0.0
39.91,19.23,21.37,1,24.08
56.7,27.4,64.58,0,0.0
16.41,17.05,50.94,1,25.71
60.15,31.24,49.39,0,0.0
53.24,30.68,10.0,1,20.34
47.37,21.38,54.24,1,17.75
30.67,22.53,33.39,1,26.06
29.59,37.64,48.71,1,29.27
4.47,29.82,59.97,1,28.67
44.31,23.42,48.95,1,22.22
57.2,25.38,48.16,0,0.0
37.6,10.0,43.2,1,19.24
39.63,29.43,11.4,1,22.45
20.83,25.69,80.53,1,24.24
44.61,22.0,44.12,1,18.17
56.86,24.28,71.51,0,0.0
11.54,22.93,37.89,1,22.43
93.83,31.27,93.35,0,0.0
30.16,24.33,66.77,1,21.84
14.8,45.0,52.18,1,32.15
40.15,27.86,80.74,1,17.24
41.77,23.75,83.48,1,20.62
19.43,18.42,55.3,1,23.63
35.4,22.85,54.53,0,0.0
22.97,22.61,79.15,1,20.95
49.53,36.09,80.25,1,19.07
31.72,25.31,46.32,1,25.64
56.84,35.81,92.26,0,0.0
66.99,24.54,78.7,0,0.0
65.17,27.66,41.63,0,0.0
44.2,37.73,48.8,1,27.55
39.33,36.21,10.0,1,23.76
28.61,29.35,60.8,1,26.35
26.0,18.47,62.93,1,17.27
64.43,36.77,86.14,0,0.0
57.52,36.59,42.17,1,24.34
63.27,28.3,80.93,0,0.0
15.32,37.16,36.05,1,33.83
68.52,34.94,63.6,0,0.0
53.45,12.9,57.37,0,0.0
48.42,19.0,31.3,1,24.76
44.92,28.29,50.04,1,21.13
64.87,25.23,46.6,0,0.0
33.18,29.3,44.25,1,28.04
30.61,26.09,64.23,1,22.78
56.11,34.58,42.88,1,18.75
25.64,30.95,31.76,1,35.06
45.25,33.07,22.26,1,28.72
42.59,14.01,64.73,0,0.0
47.03,23.19,33.45,1,19.59
19.37,21.76,68.27,1,29.8
26.65,24.43,55.63,1,24.92
49.35,33.35,48.71,1,24.24
25.58,42.24,18.5,1,29.37
95.17,39.65,84.88,0,0.0
93.52,29.58,74.55,0,0.0
44.01,25.24,50.81,1,22.56
44.37,37.57,10.0,1,29.77
67.94,26.55,59.16,0,0.0
74.82,24.9,60.34,0,0.0
2.52,22.17,84.32,1,29.41
36.03,20.83,43.18,1,23.55
47.03,21.72,71.86,0,0.0
43.05,15.22,22.73,1,17.57
87.1,12.57,39.0,0,0.0
37.7,19.27,35.84,1,18.93
84.04,27.55,78.66,0,0.0
67.28,10.0,48.91,0,0.0
33.57,39.34,84.68,1,22.28
24.73,22.59,30.35,1,23.68
57.07,31.4,21.78,1,25.94
59.99,21.69,67.45,0,0.0
43.03,41.01,55.88,1,27.79
56.71,15.3,62.42,0,0.0
28.07,39.21,50.72,1,25.39
18.99,37.04,41.09,1,34.03
35.0,30.72,34.4,1,32.23
41.15,21.59,52.72,1,23.27
20.49,27.94,54.63,1,25.8
42.68,33.11,67.18,1,16.61
51.0,15.41,67.93,0,0.0
26.48,25.17,43.01,1,27.73
79.57,29.9,59.85,0,0.0
61.36,14.84,56.71,0,0.0
59.51,25.69,34.23,1,16.5
6.49,32.09,66.58,1,33.1
31.7,16.98,53.6,1,18.35
43.4,22.72,18.28,1,19.47
49.63,22.41,77.23,1,21.01
13.98,37.54,86.51,1,30.55
33.97,13.94,39.79,1,20.94
44.99,27.24,44.74,1,20.71
33.76,17.05,59.3,1,23.73
28.81,18.24,49.32,1,26.5
59.08,33.23,63.42,1,20.13
34.08,17.1,69.46,1,19.21
61.44,38.77,54.96,1,18.92
33.99,22.68,63.66,0,0.0
16.12,27.14,54.55,1,31.42
47.09,31.19,35.49,1,23.34
46.43,26.24,75.66,0,0.0
0.0,25.51,64.37,1,32.05
53.75,23.05,10.0,1,22.69
37.16,27.2,63.43,1,20.88
77.74,25.79,32.42,0,0.0
0.51,29.36,64.05,1,33.26
53.17,20.97,47.87,0,0.0
41.1,24.86,60.98,1,19.24
38.33,24.68,56.61,1,22.84
42.59,24.55,51.38,1,18.53
85.62,20.61,49.43,0,0.0
40.06,24.68,60.58,0,0.0
65.74,31.43,30.14,0,0.0
25.46,25.3,100.0,1,18.24
31.21,26.63,60.07,1,20.18
30.65,19.27,60.19,1,24.32
56.49,23.52,69.29,0,0.0
47.68,22.72,45.06,1,24.57
51.02,22.72,38.35,1,22.71
37.01,33.35,47.48,1,26.83
33.56,22.51,88.18,1,22.69
60.75,30.22,95.36,0,0.0
56.55,16.84,38.5,0,0.0
70.48,10.0,46.95,0,0.0
28.37,23.56,82.7,1,20.14
66.32,27.12,55.75,0,0.0
25.2,21.22,55.93,1,26.43
52.7,10.0,60.25,0,0.0
25.68,21.31,41.73,1,21.9
16.78,29.5,99.74,1,20.67
0.0,24.89,67.85,1,30.42
62.79,44.82,89.25,0,0.0
15.98,24.16,36.06,1,26.19
43.54,32.87,52.99,1,23.17
7.42,24.71,54.17,1,28.63
57.21,26.75,47.64,0,0.0
32.77,32.51,42.07,1,27.59
34.57,31.33,40.45,1,26.95
33.07,30.7,65.93,1,27.61
54.83,19.11,100.0,0,0.0
63.99,30.02,31.52,1,18.72
71.11,22.01,49.76,0,0.0
79.7,19.51,61.54,0,0.0
43.04,32.67,88.43,1,21.75
51.58,34.12,45.74,1,26.26
66.65,22.38,51.63,0,0.0
17.58,38.16,54.75,1,29.21
18.46,22.77,59.38,1,26.51
51.93,24.64,64.92,1,21.94
61.19,29.06,24.94,0,0.0
54.1,26.92,63.8,1,22.63
70.18,27.66,38.86,0,0.0
28.9,37.91,70.81,1,29.46
4.6,31.12,28.79,1,32.08
58.23,28.6,81.9,0,0.0
59.18,28.14,22.29,1,18.24
67.25,30.25,31.65,1,22.21
47.22,24.71,64.83,1,19.24
55.05,24.7,69.39,0,0.0
54.64,21.69,38.57,1,19.96
50.7,24.86,72.97,0,0.0
42.29,32.5,78.46,1,23.72
51.26,19.7,62.38,0,0.0
53.68,26.7,56.49,0,0.0
64.8,18.91,32.82,0,0.0
77.06,24.53,69.02,0,0.0
61.29,24.82,33.18,0,0.0
39.74,35.25,32.52,1,25.37
47.12,31.95,41.81,1,22.07
59.1,28.65,56.13,1,22.28
31.19,26.4,53.48,1,28.75
52.42,12.75,44.14,0,0.0
38.4,13.09,37.57,0,0.0
52.68,27.0,61.06,1,15.39
55.27,40.46,63.18,1,17.78
26.84,30.17,76.46,1,25.86
59.15,30.55,41.83,1,18.16
45.35,29.32,88.58,0,0.0
54.63,37.37,70.18,1,23.03
70.97,19.39,27.28,0,0.0
1.78,35.61,79.41,1,28.97
43.55,27.36,57.54,1,21.55
63.86,30.12,42.86,1,18.22
43.16,33.77,40.54,1,25.76
27.79,26.49,51.87,1,27.95
29.74,34.03,47.14,1,24.59
57.98,33.44,86.25,1,23.43
31.74,30.17,49.68,1,24.06
92.37,32.99,21.32,0,0.0
61.32,35.23,29.56,1,18.89
43.21,34.78,43.97,1,21.34
32.91,31.41,37.29,1,20.31
48.4,25.87,31.23,1,23.83
40.69,28.88,60.47,1,23.31
35.58,31.59,70.38,1,23.64
49.92,17.08,48.35,0,0.0
35.77,17.87,77.53,1,23.34
70.41,24.59,42.27,0,0.0
57.88,28.59,53.46,1,21.7
28.23,22.23,68.64,1,24.98
82.94,38.45,63.82,0,0.0
18.8,24.29,70.06,1,28.83
68.37,25.28,67.46,0,0.0
5.41,24.11,73.99,1,25.08
0.0,24.44,53.57,1,28.36
55.13,31.69,10.0,1,20.03
56.44,30.42,64.44,0,0.0
38.45,21.9,70.36,0,0.0
62.0,28.45,54.1,0,0.0
17.89,22.47,48.4,1,20.62
63.49,30.97,45.08,1,17.4
47.98,37.78,74.37,1,21.49
60.0,15.19,49.95,0,0.0
59.81,31.69,60.9,0,0.0
55.76,20.33,38.11,0,0.0
48.46,14.22,64.1,0,0.0
43.45,43.62,41.34,1,25.23
43.48,24.7,26.86,1,21.2
69.57,42.42,81.71,0,0.0
31.08,25.88,90.69,1,17.46
34.98,32.3,68.8,1,24.14
0.0,27.73,72.21,1,25.95
7.67,38.13,40.6,1,34.79
75.24,25.92,44.21,0,0.0
70.68,25.81,35.9,0,0.0
20.57,33.05,48.59,1,25.53
46.7,25.32,49.54,1,25.92
12.8,29.29,39.46,1,29.66
40.75,28.61,68.46,1,20.17
32.42,16.92,37.92,1,24.15
21.13,29.24,52.79,1,29.05
55.98,23.29,46.51,0,0.0
62.49,24.84,19.14,1,15.79
88.68,20.24,51.76,0,0.0
39.23,24.97,63.44,1,25.16
74.57,19.67,61.35,0,0.0
52.02,36.63,50.58,1,22.38
9.44,25.34,52.32,1,28.4
23.76,26.05,60.86,1,27.18
63.72,31.9,57.47,0,0.0
16.31,27.75,44.15,1,31.28
41.31,18.9,65.21,0,0.0
29.83,20.14,52.23,1,24.49
36.14,16.32,66.04,0,0.0
47.35,24.52,71.76,0,0.0
43.82,30.4,97.14,1,20.02
45.06,23.33,36.0,1,18.36
58.07,19.5,81.66,0,0.0
45.41,27.0,43.85,1,24.08
30.94,16.27,69.06,1,17.87
30.33,20.99,40.51,1,22.04
31.98,21.69,50.42,1,21.97
68.17,30.56,23.18,1,21.28
36.31,16.53,55.16,1,17.21
15.98,26.39,50.34,1,26.14
22.94,23.96,65.67,1,19.64
35.55,19.51,60.34,1,17.39
60.18,19.21,86.18,0,0.0
20.07,19.01,61.96,1,22.22
77.26,22.11,56.2,0,0.0
50.41,15.75,65.11,0,0.0
73.14,21.24,100.0,0,0.0
29.07,27.14,70.07,1,25.35
70.04,26.14,47.67,0,0.0
62.17,29.56,60.83,1,14.53
51.2,28.53,88.38,0,0.0
76.14,27.53,64.78,0,0.0
56.22,29.8,59.85,0,0.0
44.43,21.99,54.11,0,0.0
53.58,26.15,48.28,1,16.54
83.59,26.28,52.08,0,0.0
45.48,36.71,75.72,1,24.37
37.83,16.85,50.98,1,21.18
51.19,38.29,78.95,1,16.0
72.71,36.52,27.68,1,23.15
48.21,38.3,81.89,1,23.18
57.33,24.2,53.9,0,0.0
38.34,24.43,42.29,1,21.93
55.04,15.64,52.73,0,0.0
38.79,25.79,23.3,1,26.12
54.87,34.27,59.03,1,21.41
58.75,15.96,37.13,1,14.06
42.2,35.21,53.13,1,23.12
37.94,27.22,41.33,1,28.33
42.33,17.29,44.52,1,19.85
24.84,21.62,65.21,1,23.27
18.34,45.0,70.67,1,31.52
42.51,33.07,58.19,1,22.54
16.05,40.57,36.17,1,29.16
25.77,26.64,68.76,1,27.2
38.89,27.35,63.16,0,0.0
56.41,16.8,95.81,0,0.0
41.3,21.61,42.4,1,27.27
14.02,37.53,78.86,1,28.52
44.7,40.81,39.07,1,25.28
16.34,42.34,31.37,1,30.1
37.02,29.95,38.51,1,25.11
68.2,36.53,43.27,1,19.64
57.39,27.1,58.8,0,0.0
47.3,36.09,67.92,1,24.46
41.92,29.23,33.3,1,20.58
43.26,34.99,27.72,1,24.84
37.62,33.62,58.96,1,17.73
64.51,30.14,89.96,0,0.0
38.16,44.52,55.49,1,23.84
0.0,38.25,86.9,1,28.63
46.91,20.28,19.9,1,19.96
37.23,28.56,83.59,1,20.16
59.54,30.88,42.71,1,20.74
22.43,35.84,83.63,1,24.7
57.85,23.18,64.63,0,0.0
15.64,30.21,33.0,1,30.23
41.77,36.61,64.93,1,19.03
33.01,29.76,62.17,1,19.39
50.63,25.73,98.14,0,0.0
81.29,18.81,23.54,0,0.0
68.78,39.29,39.36,1,16.83
8.77,32.03,59.46,1,26.83
77.8,23.48,65.67,0,0.0
41.19,29.04,61.54,1,22.75
22.39,28.38,57.28,1,26.35
19.54,17.78,10.71,1,30.36
61.87,29.15,12.34,1,19.16
47.71,25.44,62.38,1,19.19
32.22,33.87,46.38,1,21.82
38.03,33.96,54.15,1,21.28
60.71,22.44,53.0,1,19.94
12.43,14.61,53.71,1,23.16
45.85,28.16,40.87,1,31.0
39.43,29.47,56.95,1,20.15
23.3,19.05,63.1,1,16.22
53.9,26.73,81.93,0,0.0
15.43,11.39,40.61,1,24.39
44.82,34.94,28.5,1,28.36
4.64,36.26,56.87,1,30.99
70.5,18.7,71.64,0,0.0
25.52,40.88,59.63,1,26.69
87.35,18.43,75.5,0,0.0
32.62,32.52,75.55,1,22.85
65.9,20.43,86.97,0,0.0
32.5,30.35,37.93,1,26.64
41.26,32.83,50.43,1,26.17
60.81,32.5,32.02,1,19.78
19.37,26.5,36.91,1,30.71
6.95,21.2,25.8,1,29.59
40.15,22.87,81.0,0,0.0
69.74,23.19,53.44,0,0.0
75.86,18.38,55.23,0,0.0
12.78,20.56,52.04,1,22.64
38.0,31.55,48.15,1,24.11
19.96,40.48,41.84,1,24.87
66.5,24.61,49.93,0,0.0
65.26,25.74,100.0,0,0.0
66.24,32.64,54.27,0,0.0
51.64,30.57,43.55,1,23.84
86.4,32.98,92.26,0,0.0
59.04,36.37,37.07,1,24.08
25.5,17.61,85.56,1,22.98
44.09,23.93,60.64,1,23.07
88.34,20.71,54.61,0,0.0
23.3,25.93,63.35,1,29.75
54.29,35.05,56.32,1,28.86
55.62,20.05,44.02,0,0.0
54.13,31.89,64.2,1,17.95
53.02,39.98,75.4,1,24.0
37.58,23.44,40.04,1,21.28
69.17,23.67,38.95,1,18.56
48.07,30.16,32.27,1,26.35
76.17,22.25,56.98,0,0.0
50.28,16.82,57.22,0,0.0
52.17,12.1,17.97,1,18.23
25.24,35.9,61.55,1,28.33
98.59,22.77,89.89,0,0.0
11.91,30.38,61.3,1,24.35
44.51,29.45,10.0,1,26.08
18.37,33.59,54.53,1,31.64
44.97,25.93,64.65,1,16.95
57.2,25.99,55.67,1,19.48
45.3,22.8,63.61,1,21.1
33.42,23.8,70.84,1,19.61
71.13,15.11,70.69,0,0.0
82.72,16.19,78.05,0,0.0
37.67,28.3,67.64,1,18.09
57.99,15.05,43.32,1,19.36
67.96,22.9,65.18,0,0.0
67.58,25.6,94.78,0,0.0
49.68,28.72,32.56,1,21.56
36.36,44.09,38.23,1,32.75
44.72,20.94,39.63,1,15.51
24.93,16.62,81.92,1,22.66
56.78,28.17,84.21,0,0.0
47.13,32.23,28.58,1,29.95
47.84,35.8,73.3,1,21.32
14.92,23.1,65.34,1,28.57
42.59,17.29,76.13,1,21.29
41.73,34.31,100.0,1,17.37
33.27,31.38,22.9,1,28.05
75.7,36.17,72.29,0,0.0
63.42,31.94,60.12,0,0.0
29.46,18.83,14.7,1,23.26
97.51,25.82,80.88,0,0.0
34.4,27.68,36.84,1,23.26
40.32,39.99,62.56,1,26.73
57.25,26.42,48.59,1,20.86
67.52,25.32,70.36,0,0.0
45.68,23.69,51.37,1,22.62
47.71,16.87,48.82,0,0.0
28.42,27.15,46.42,1,25.34
25.88,24.21,56.55,1,26.72
31.76,29.79,89.15,1,24.46
59.51,37.08,76.51,1,21.79
23.37,16.48,58.14,1,21.11
61.52,13.96,44.3,0,0.0
12.27,37.46,27.82,1,33.56
57.92,19.24,68.65,0,0.0
91.66,29.83,52.18,0,0.0
30.12,21.22,82.42,1,21.15
75.28,10.49,80.58,0,0.0
53.7,21.2,39.9,1,23.94
65.07,35.86,51.16,0,0.0
29.38,23.58,13.94,1,23.73
41.49,27.92,62.25,1,19.82
5.73,22.97,35.55,1,32.35
63.77,32.3,52.33,0,0.0
30.06,16.45,74.84,1,16.4
28.47,20.93,55.86,1,23.83
0.0,25.68,51.88,1,28.62
49.35,27.46,54.5,1,19.74
35.27,36.66,66.19,1,28.67
55.52,33.5,23.41,1,22.67
78.55,33.49,42.39,0,0.0
48.35,30.18,34.62,1,22.62
50.65,21.93,43.3,1,19.05
25.44,26.64,39.56,1,24.43
14.9,19.94,96.08,1,21.3
53.36,30.97,74.89,1,19.96
4.23,19.61,58.28,1,25.99
50.19,22.63,49.46,1,22.48
25.06,19.6,46.78,1,22.12
65.81,29.43,63.12,0,0.0
68.35,10.0,71.68,0,0.0
36.35,35.91,53.74,1,25.91
100.0,36.41,69.02,0,0.0
47.87,21.31,71.44,0,0.0
22.51,27.57,38.01,1,25.61
45.55,32.25,53.94,1,21.65
58.94,19.25,60.21,0,0.0
56.47,27.4,67.79,1,19.54
4.52,16.13,75.1,1,22.54
37.96,20.03,61.99,1,24.18
32.5,37.08,62.05,1,25.9
56.31,27.25,60.33,0,0.0
28.48,32.32,50.52,1,26.47
50.31,16.99,80.73,0,0.0
40.95,30.02,59.73,1,24.54
59.36,36.46,72.67,1,16.12
78.36,25.34,45.54,0,0.0
51.77,28.04,24.7,1,21.7
98.81,23.01,46.3,0,0.0
70.56,24.39,40.5,0,0.0
17.39,31.38,90.63,1,27.44
62.4,38.97,79.2,1,20.9
27.28,32.43,34.89,1,20.72
53.03,22.49,77.22,0,0.0
67.48,19.41,75.77,0,0.0
60.28,32.53,58.39,0,0.0
60.22,16.46,46.64,0,0.0
30.93,31.49,65.11,1,24.57
7.28,24.39,41.37,1,29.08
27.79,22.77,13.26,1,23.71
46.58,20.34,57.09,0,0.0
78.44,30.48,18.21,0,0.0
46.1,20.49,10.0,1,26.19
55.42,22.75,63.55,0,0.0
49.1,20.56,85.33,0,0.0
69.65,27.27,45.21,0,0.0
59.67,36.57,61.26,0,0.0
46.11,39.72,81.95,1,25.2
58.99,35.11,45.87,0,0.0
46.38,21.28,33.9,1,23.84
47.72,29.53,30.55,1,17.31
73.76,29.34,66.97,0,0.0
33.17,36.72,42.34,1,30.64
9.22,21.76,19.3,1,32.07
0.43,29.63,44.26,1,32.36
47.15,24.95,47.01,0,0.0
18.91,35.99,45.52,1,25.58
18.64,31.27,62.55,1,33.16
40.39,30.31,48.67,1,29.43
48.39,28.4,83.9,1,22.18
1.13,30.23,44.69,1,38.56
45.66,37.75,90.66,1,25.72
44.37,25.5,72.32,1,18.34
73.19,27.13,21.1,0,0.0
31.07,33.06,68.92,1,29.0
66.8,22.32,71.08,0,0.0
31.23,39.6,44.01,1,26.95
59.32,33.38,35.76,1,20.27
15.22,20.5,39.98,1,29.8
15.54,29.46,31.47,1,29.64
23.97,32.6,43.26,1,22.65
63.93,32.75,55.11,0,0.0
69.19,22.34,45.93,1,17.85
59.84,30.93,62.8,1,19.11
50.44,26.64,85.23,0,0.0
65.43,32.76,68.97,1,18.64
7.62,26.49,35.18,1,26.27
35.45,22.82,10.0,1,30.91
57.12,25.58,53.91,0,0.0
46.8,26.74,38.18,1,21.82
59.37,26.29,93.02,0,0.0
37.8,25.27,55.8,1,17.76
9.3,20.54,56.88,1,23.06
42.26,30.94,51.74,1,20.46
34.18,22.54,58.48,1,24.51
38.64,26.64,41.25,1,20.41
34.38,32.73,49.12,1,24.24
63.13,28.47,38.98,1,18.38
59.9,37.38,10.0,1,20.6
93.84,23.72,69.93,0,0.0
28.94,20.55,86.71,1,25.51
46.11,29.02,49.66,1,18.66
46.68,21.48,63.84,1,18.82
78.5,26.74,70.13,0,0.0
71.13,35.07,48.87,1,15.43
54.98,28.92,55.47,1,18.51
77.7,33.31,53.59,0,0.0
54.61,37.65,57.03,1,21.65
80.64,24.42,54.41,0,0.0
47.94,34.96,36.77,1,26.2
31.47,25.94,60.13,1,20.01
47.25,27.33,80.61,1,19.48
47.23,31.72,85.33,1,21.01
58.33,31.72,36.45,1,23.76
40.85,27.91,50.15,0,0.0
45.41,29.11,44.75,1,17.82
60.28,40.81,82.65,0,0.0
62.09,22.36,43.35,0,0.0
59.12,33.71,53.04,1,20.29
56.36,35.23,29.31,1,20.37
43.98,25.42,54.07,1,15.83
3.11,26.08,46.38,1,31.49
27.81,36.92,87.48,1,20.86
37.01,10.0,26.11,1,25.36
63.05,29.27,54.57,1,24.93
33.26,13.0,13.04,1,25.05
48.66,14.47,39.94,0,0.0
49.16,24.21,34.25,1,21.35
49.9,31.29,37.02,0,0.0
34.54,20.93,61.98,1,28.53
99.72,30.98,42.4,0,0.0
80.61,39.81,43.49,0,0.0
16.41,32.77,86.07,1,24.75
52.2,29.92,56.62,1,19.69
64.92,32.15,35.34,0,0.0
39.91,32.16,57.96,1,22.15
38.38,33.16,61.66,1,23.07
71.3,23.01,63.05,0,0.0
53.54,22.42,57.21,1,17.53
18.41,17.96,31.59,1,24.08
39.04,31.33,63.33,1,22.05
47.14,25.43,50.78,1,26.06
94.61,23.52,53.3,0,0.0
28.81,40.31,44.56,1,30.11
23.93,24.61,53.73,1,27.36
36.67,26.07,48.62,1,19.03
65.56,14.2,87.35,0,0.0
29.55,32.18,84.7,1,26.3
66.74,14.98,44.56,0,0.0
69.49,24.32,71.91,0,0.0
27.75,22.89,80.88,1,19.81
29.35,24.8,54.08,1,19.96
50.73,21.09,38.79,0,0.0
43.44,33.61,85.13,1,23.23
24.91,34.58,40.57,1,25.07
43.95,31.06,68.4,1,17.01
26.67,26.22,50.8,1,23.34
90.25,23.47,46.33,0,0.0
33.82,31.68,40.63,1,29.86
32.6,22.88,44.72,1,23.14
31.64,23.07,54.69,1,18.87
37.0,26.3,42.44,1,26.33
43.43,28.61,11.78,1,25.99
36.53,21.84,100.0,1,21.92
67.78,11.42,39.25,0,0.0
40.28,23.57,10.0,1,26.07
77.04,21.48,37.6,0,0.0
39.13,33.31,42.76,1,28.4
47.94,17.46,60.74,0,0.0
58.87,32.07,82.19,0,0.0
48.21,30.95,63.85,1,13.76
51.94,25.93,43.67,1,21.07
18.62,13.48,32.42,1,30.54
48.77,25.73,50.05,1,21.11
56.54,24.56,93.8,0,0.0
69.91,22.91,76.16,0,0.0
47.2,38.45,34.14,1,26.29
55.4,23.84,96.73,0,0.0
74.18,35.51,93.02,0,0.0
27.62,37.44,17.46,1,26.18
48.84,38.15,51.29,1,22.6
54.39,30.09,51.44,0,0.0
26.65,36.94,58.74,1,28.73
22.4,25.42,57.76,1,24.18
41.25,17.2,58.63,0,0.0
48.31,36.62,49.38,1,20.43
28.36,31.16,52.04,1,31.39
41.94,32.01,47.14,1,22.64
60.33,37.03,70.97,1,22.46
56.03,19.02,89.02,0,0.0
40.32,24.41,67.25,1,20.56
20.0,29.14,66.03,1,27.94
39.58,33.96,56.32,1,22.34
10.08,25.72,68.77,1,30.49
39.74,30.41,70.85,1,26.4
24.12,32.94,92.31,1,24.9
69.57,34.12,57.51,0,0.0
43.37,30.21,73.16,1,20.29
56.11,33.02,62.59,0,0.0
41.37,33.63,27.34,1,24.29
55.23,31.25,33.46,1,23.27
13.31,36.97,58.17,1,28.57
4.7,31.15,60.24,1,32.36
17.32,22.82,38.0,1,26.39
53.6,24.57,37.45,1,27.57
47.87,21.7,84.51,0,0.0
38.3,22.13,31.81,1,20.2
45.25,27.19,42.57,1,20.35
61.2,25.96,71.49,0,0.0
56.43,36.71,32.61,1,25.19
39.85,10.0,50.94,0,0.0
0.0,36.34,40.73,1,34.47
19.23,19.51,36.3,1,27.46
34.56,20.46,78.92,1,24.37
54.85,29.03,30.68,1,19.06
8.49,34.4,41.08,1,35.97
56.13,31.29,42.69,1,24.12
51.04,22.46,36.38,1,20.81
29.21,16.93,29.6,1,24.35
38.22,37.15,32.56,1,23.75
77.36,40.95,70.03,0,0.0
33.39,40.63,60.35,1,28.07
39.64,38.64,65.79,1,27.61
28.03,22.92,57.06,1,19.49
69.03,23.19,57.76,0,0.0
33.24,37.16,32.66,1,28.85
43.91,17.92,72.42,1,16.94
59.15,29.62,29.39,1,20.81
51.19,23.05,37.83,1,17.52
28.08,14.81,77.8,1,18.37
47.73,20.68,49.77,0,0.0
36.44,41.02,46.19,1,24.01
65.88,15.44,39.75,0,0.0
49.88,28.34,97.64,0,0.0
30.84,25.03,32.29,1,28.59
67.49,35.49,46.72,0,0.0
43.97,20.89,58.3,1,20.7
48.0,26.34,71.05,0,0.0
1.07,30.3,74.76,1,29.19
22.3,30.46,57.83,1,29.71
26.06,39.43,55.64,1,24.19
64.19,24.44,25.5,0,0.0
27.86,30.44,70.47,1,20.55
60.13,20.99,33.36,0,0.0
52.04,29.16,41.32,1,23.79
25.52,13.34,64.1,1,18.57
58.04,32.87,10.83,1,26.23
56.67,31.73,78.46,0,0.0
60.93,32.03,65.78,0,0.0
48.44,22.88,55.26,0,0.0
29.19,25.02,36.13,1,23.64
53.05,33.64,45.72,1,25.98
55.08,28.08,61.38,1,22.96
71.7,27.29,66.1,0,0.0
32.53,24.77,55.32,1,26.27
40.38,16.44,59.92,0,0.0
15.2,18.15,61.53,1,26.86
49.23,35.28,24.11,1,25.48
56.32,23.62,38.64,1,21.99
62.22,23.45,28.18,0,0.0
71.32,20.31,48.49,0,0.0
12.72,37.45,49.93,1,28.26
30.55,30.09,42.04,1,21.39
17.87,28.43,31.26,1,28.22
40.75,28.75,68.61,1,18.46
0.0,28.73,48.98,1,30.1
68.45,23.67,36.1,0,0.0
18.29,22.38,79.45,1,19.52
9.06,28.13,72.25,1,25.07
71.61,40.22,61.62,1,14.7
87.0,22.97,36.33,0,0.0
75.23,42.46,57.51,1,20.2
24.24,37.34,42.56,1,34.74
57.28,39.8,99.65,0,0.0
28.82,13.95,99.89,0,0.0
67.7,21.81,85.77,0,0.0
21.17,25.54,44.36,1,27.32
57.55,24.96,41.7,0,0.0
85.9,28.58,15.32,0,0.0
46.94,39.92,75.57,1,25.17
44.38,35.72,31.9,1,17.42
0.0,41.78,59.29,1,33.39
48.79,31.35,79.19,1,16.69
61.56,32.62,57.01,1,21.84
27.0,29.93,41.5,1,25.76
37.0,40.24,46.89,1,27.49
23.98,22.15,66.53,1,27.19
30.06,31.17,45.68,1,26.98
34.01,28.95,58.11,1,23.07
56.21,13.1,60.55,0,0.0
66.94,16.88,47.87,0,0.0
46.09,32.34,24.63,1,28.63
72.19,33.12,54.77,0,0.0
33.73,38.13,82.71,1,17.12
40.75,24.99,50.0,1,24.13
64.81,30.12,18.98,1,23.9
52.48,29.57,62.19,1,15.14
40.21,26.73,80.63,1,16.29
53.6,21.37,30.66,0,0.0
55.85,35.81,64.66,1,22.13
47.03,31.88,10.0,1,23.24
68.26,25.97,55.62,0,0.0
65.34,31.39,66.14,0,0.0
29.53,28.57,41.11,1,22.07
35.25,39.58,63.79,1,29.9
0.0,21.29,46.98,1,32.94
27.68,33.99,46.93,1,27.37
42.53,23.57,76.12,0,0.0
44.15,30.55,65.91,1,23.08
36.64,24.55,55.51,1,21.86
45.38,16.38,68.35,0,0.0
65.04,27.0,20.23,1,17.81
59.86,12.51,55.82,0,0.0
31.77,27.52,42.46,1,22.34
30.79,31.79,40.3,1,27.96
64.21,13.97,39.7,0,0.0
51.48,16.57,78.17,0,0.0
54.64,36.5,64.05,1,24.44
67.02,21.11,67.66,0,0.0
55.08,30.34,27.33,1,21.79
36.27,29.2,71.12,1,22.2
72.67,30.31,59.02,0,0.0
58.42,29.31,80.67,0,0.0
8.67,15.1,69.71,1,23.7
47.28,25.83,53.07,1,18.11
33.31,24.39,48.53,1,24.29
42.4,34.17,85.76,1,23.49
51.54,33.06,56.79,1,23.9
37.8,33.27,56.83,1,22.62
48.32,33.98,72.78,1,22.3
70.43,25.95,32.69,1,17.99
31.19,14.43,66.43,0,0.0
29.99,31.12,69.44,1,22.31
27.55,23.16,60.32,1,21.38
15.71,34.93,65.2,1,32.62
28.5,24.49,17.1,1,32.48
65.77,18.33,74.93,0,0.0
43.79,19.92,52.22,0,0.0
44.24,32.75,54.28,1,22.91
57.08,15.38,56.78,1,16.64
43.29,40.59,77.08,1,22.44
44.96,21.76,53.51,1,18.85
30.03,18.06,54.17,1,24.96
38.37,32.28,51.83,1,27.51
59.01,21.72,65.06,0,0.0
43.87,23.49,42.24,1,22.65
42.46,29.01,54.24,1,21.55
45.36,45.0,61.23,1,27.29
39.74,36.06,49.18,1,26.21
25.8,29.56,32.91,1,25.96
38.62,16.98,100.0,0,0.0
45.2,35.0,75.73,1,22.21
72.02,33.39,59.25,0,0.0
38.92,20.63,79.74,1,18.95
41.92,26.0,54.35,1,23.02
30.06,21.08,79.73,1,16.72
35.3,24.69,86.1,1,23.69
61.4,33.62,41.24,1,17.57
40.79,31.79,57.69,1,22.98
55.0,18.26,56.88,0,0.0
40.71,30.86,35.81,1,21.93
79.88,20.03,79.44,0,0.0
18.29,19.08,55.32,1,20.71
11.12,21.07,58.88,1,24.99
49.04,34.28,62.88,1,22.73
25.8,25.43,50.98,1,21.34
3.5,40.39,36.25,1,38.26
56.3,23.58,59.16,1,19.39
60.5,24.42,45.39,0,0.0
55.46,34.58,87.32,1,16.91
11.06,34.29,19.07,1,31.85
43.61,27.25,57.76,0,0.0
45.29,11.39,69.64,0,0.0
1.86,21.3,43.6,1,32.11
51.89,35.27,53.08,1,24.43
19.27,37.31,26.59,1,30.24
57.02,40.03,50.74,1,22.68
38.41,39.73,58.84,1,23.61
26.34,22.61,47.99,1,21.68
86.98,19.79,57.93,0,0.0
57.6,26.59,50.19,1,19.49
39.82,16.07,45.64,0,0.0
31.66,27.23,62.17,1,25.47
60.49,29.14,80.92,0,0.0
24.83,14.94,61.23,1,18.03
19.65,28.13,85.15,1,24.41
42.95,17.97,69.7,0,0.0
45.43,24.61,72.86,0,0.0
52.82,21.12,44.78,0,0.0
86.84,30.85,39.65,0,0.0
35.09,32.02,17.16,1,30.46
22.32,27.56,99.07,1,23.7
55.13,24.19,80.99,0,0.0
5.82,24.26,35.67,1,28.86
68.95,31.87,60.27,0,0.0
23.82,11.73,57.26,1,22.05
34.3,30.25,53.33,1,29.81
64.19,32.3,29.2,1,21.99
57.13,30.45,64.06,1,23.4
63.73,23.7,70.81,0,0.0
52.29,38.68,37.31,1,23.16
62.62,28.26,80.72,0,0.0
22.19,29.16,53.46,1,27.35
38.2,26.48,55.58,1,20.84
36.93,33.0,58.88,1,28.57
33.98,45.0,63.27,1,30.63
57.46,30.75,32.96,1,18.74
41.51,21.92,62.15,1,20.93
50.75,22.75,49.78,1,22.47
22.06,16.28,40.46,1,28.22
26.51,29.15,91.69,1,25.98
64.97,20.63,51.2,0,0.0
47.08,33.41,63.17,0,0.0
18.74,11.69,58.51,1,22.73
25.82,31.72,69.33,1,19.54
45.0,39.54,88.99,1,21.09
62.74,23.83,39.65,0,0.0
47.05,22.59,56.93,0,0.0
48.4,10.0,76.76,0,0.0
39.43,30.94,35.44,1,26.21
0.0,23.87,54.55,1,32.12
22.52,22.65,16.68,1,29.85
36.23,26.63,67.72,1,27.35
54.08,23.74,43.77,0,0.0
14.96,27.28,70.67,1,23.15
75.32,17.01,13.64,0,0.0
14.19,29.7,47.79,1,30.55
31.17,32.43,85.23,1,23.29
40.16,33.47,23.57,1,21.91
27.22,23.38,50.61,1,24.41
28.52,24.54,39.62,1,19.62
46.39,23.02,74.33,0,0.0
34.16,39.69,36.21,1,25.17
18.03,37.83,58.42,1,26.19
52.17,35.1,77.99,1,18.53
51.26,31.67,19.11,1,22.92
62.52,16.16,70.9,0,0.0
60.62,22.56,67.9,0,0.0
37.97,27.12,42.03,1,26.24
26.56,21.99,57.54,1,21.81
81.95,29.16,64.33,0,0.0
45.39,25.96,75.36,1,20.07
36.32,28.37,38.92,1,24.91
38.5,24.8,47.92,1,22.74
72.88,21.27,58.39,0,0.0
53.42,26.89,51.9,1,19.99
56.73,21.62,57.25,0,0.0
31.75,26.42,91.29,1,23.92
49.41,24.29,85.79,0,0.0
32.15,30.29,49.15,1,22.69
66.9,39.87,63.44,1,19.91
62.0,38.47,54.11,1,18.4
55.75,16.16,70.52,0,0.0
56.7,27.97,85.66,0,0.0
32.86,22.88,37.41,1,22.56
66.67,36.26,37.42,1,19.5
62.68,38.27,21.29,1,21.41
16.99,23.6,63.56,1,21.42
100.0,28.86,57.23,0,0.0
50.21,25.85,17.23,1,21.55
83.88,29.57,77.06,0,0.0
43.27,34.64,88.26,1,20.93
43.66,28.94,49.81,1,24.24
65.06,38.8,48.41,0,0.0
52.16,40.19,45.46,1,26.28
48.83,27.05,36.53,0,0.0
22.76,24.27,76.95,1,21.67
27.18,31.6,82.17,1,26.96
15.49,24.54,93.95,1,22.4
43.89,29.54,39.76,1,18.33
29.24,21.51,47.91,1,22.74
27.32,25.46,19.85,1,21.73
39.21,33.43,33.81,1,29.11
0.0,25.94,10.0,1,33.5
0.0,40.47,60.72,1,35.08
9.09,18.4,10.0,1,33.87
58.19,29.11,66.48,0,0.0
50.42,27.75,42.83,1,21.01
47.21,16.66,28.1,1,20.82
56.69,19.36,25.54,0,0.0
40.55,22.34,80.88,1,22.19
53.09,10.11,76.12,0,0.0
49.61,21.58,97.85,0,0.0
30.16,26.11,59.89,1,24.96
24.5,21.98,54.91,1,26.96
29.53,31.54,47.26,1,32.71
37.82,32.61,40.09,1,24.77
41.13,44.24,48.87,1,24.14
53.64,34.99,44.45,0,0.0
44.23,27.12,69.48,1,22.86
27.87,18.83,58.96,1,21.54
60.57,30.26,55.86,0,0.0
35.36,10.0,59.72,0,0.0
48.77,30.53,62.72,1,20.0
16.91,22.91,56.01,1,25.74
31.83,28.51,57.33,1,27.0
58.88,12.26,78.88,0,0.0
35.36,28.66,37.18,1,19.2
34.2,24.52,35.82,1,22.27
29.6,30.8,68.63,1,30.95
49.86,22.66,60.87,1,17.4
60.67,17.21,50.11,0,0.0
39.25,25.55,52.24,1,22.31
24.64,29.23,63.27,1,23.26
26.81,36.74,32.22,1,25.41
17.85,38.14,65.86,1,27.81
63.15,21.23,70.87,0,0.0
32.11,32.31,72.28,1,22.62
36.07,28.1,38.01,1,22.13
29.43,23.43,10.0,1,25.02
45.61,38.01,85.9,1,22.59
46.32,10.0,27.11,0,0.0
57.32,29.03,37.15,1,24.69
63.76,33.93,43.82,1,21.75
55.23,29.56,52.57,0,0.0
43.36,33.91,46.17,1,26.86
39.02,36.72,47.89,1,29.11
44.68,20.79,53.23,1,16.07
40.65,21.37,66.72,1,19.13
79.25,26.1,35.5,0,0.0
36.07,26.43,46.91,1,22.82
39.27,16.94,66.02,0,0.0
21.93,35.35,31.07,1,26.54
38.92,25.48,48.71,1,20.92
74.52,16.67,63.9,0,0.0
29.81,19.83,75.34,1,17.03
62.75,27.24,19.06,1,22.03
36.94,28.79,67.5,1,22.44
61.52,32.2,52.26,1,22.07
17.36,39.25,23.82,1,29.84
83.5,24.84,54.36,0,0.0
38.99,18.75,46.66,1,23.07
83.61,32.17,42.1,0,0.0
27.94,22.32,100.0,1,23.13
32.54,37.99,76.99,1,32.11
15.42,19.23,34.92,1,25.21
33.66,41.51,93.09,1,28.05
74.76,23.85,14.82,0,0.0
32.11,28.45,56.78,1,24.84
20.75,29.88,46.21,1,29.73
20.51,25.03,52.63,1,26.34
30.59,23.11,40.8,1,24.95
54.2,40.83,53.5,1,28.17
65.54,26.88,67.84,0,0.0
29.4,22.77,99.81,0,0.0
28.45,19.69,66.2,1,23.67
58.43,17.34,38.85,1,18.46
68.75,25.95,35.65,0,0.0
25.64,23.04,59.02,1,21.21
44.65,22.89,42.03,1,19.66
72.64,35.32,78.64,0,0.0
25.75,27.57,51.99,1,21.63
44.17,24.17,68.77,1,22.36
19.81,29.81,40.45,1,24.77
66.37,24.39,86.31,0,0.0
37.12,35.12,63.91,1,25.75
50.19,27.13,37.89,1,24.22
57.58,23.45,71.68,0,0.0
31.62,17.08,66.63,0,0.0
48.04,23.87,79.37,0,0.0
67.15,23.4,75.0,0,0.0
23.64,29.04,100.0,1,22.5
60.77,27.29,20.86,1,18.16
36.66,35.45,47.87,1,25.75
27.98,18.44,60.49,1,18.57
57.74,30.25,47.8,1,19.62
68.81,25.02,68.09,0,0.0
62.59,27.28,36.75,0,0.0
51.86,39.73,45.32,1,24.41
47.21,37.61,70.29,1,18.25
70.12,27.99,32.02,0,0.0
59.07,33.96,55.36,1,26.02
40.13,21.29,35.5,1,21.25
78.47,37.26,67.66,0,0.0
31.56,35.79,43.74,1,30.12
46.03,22.08,53.12,1,21.52
27.29,25.16,55.9,1,23.37
18.67,31.72,24.64,1,32.38
14.05,23.64,62.58,1,24.77
59.8,25.58,36.26,0,0.0
73.3,38.8,14.6,1,23.62
63.48,23.15,19.63,1,17.51
17.23,17.77,67.02,1,24.91
58.38,24.05,53.59,0,0.0
40.79,20.23,62.81,1,19.44
70.63,27.79,59.82,0,0.0
8.85,28.01,70.79,1,29.53
59.7,20.64,55.62,1,17.93
55.57,24.74,69.14,1,18.22
67.38,42.55,56.33,1,20.36
45.39,25.76,70.94,1,21.03
75.67,37.71,71.94,0,0.0
32.76,21.31,73.98,0,0.0
58.54,19.43,71.47,0,0.0
71.67,34.99,83.7,0,0.0
47.87,18.89,33.95,0,0.0
23.33,27.48,43.81,1,26.98
38.92,19.15,53.94,0,0.0
39.58,36.4,49.59,1,31.27
33.41,19.22,53.95,1,22.29
63.16,35.46,39.52,1,20.29
48.04,22.2,47.96,1,15.81
60.31,23.65,10.0,1,18.3
78.78,22.9,33.05,0,0.0
31.79,21.54,65.19,1,16.09
79.52,31.06,49.72,0,0.0
55.12,33.81,39.88,1,21.21
41.22,28.12,54.87,1,24.17
14.84,17.5,47.61,1,27.02
40.84,23.25,43.92,1,24.45
54.12,21.38,100.0,0,0.0
33.46,36.88,45.62,1,28.26
73.6,28.41,80.82,0,0.0
22.35,35.93,26.82,1,26.65
55.07,27.23,51.66,1,20.15
58.36,34.66,91.4,0,0.0
34.58,31.29,32.11,1,26.55
42.52,18.54,25.2,1,23.45
67.57,27.78,95.18,0,0.0
42.23,10.0,46.05,1,21.86
28.4,30.24,75.94,1,18.92
49.95,32.33,36.05,1,19.69
0.0,34.19,54.93,1,37.43
37.92,26.42,66.32,1,23.62
67.11,24.92,35.06,0,0.0
49.1,18.59,28.27,1,19.47
41.68,24.48,85.41,1,18.18
34.34,32.95,67.04,1,21.28
31.35,23.38,60.54,1,24.12
24.48,26.24,75.63,1,23.22
41.56,21.86,23.0,1,23.48
48.41,20.69,48.62,0,0.0
42.99,22.31,24.32,1,24.85
48.63,14.6,15.06,1,19.95
70.23,29.8,52.0,0,0.0
74.98,33.5,30.07,0,0.0
47.88,24.58,70.44,1,19.28
39.38,37.49,73.66,1,20.18
51.88,31.89,10.0,1,23.71
40.58,20.65,52.04,1,21.84
64.31,21.36,70.18,0,0.0
52.04,27.05,67.83,0,0.0
16.6,29.92,14.13,1,29.74
28.44,22.16,60.43,1,22.48
33.5,21.88,10.0,1,27.38
65.33,20.9,29.97,0,0.0
61.59,28.08,60.79,1,17.56
40.6,38.44,51.06,1,21.24
26.24,29.5,37.08,1,25.9
2.53,29.15,57.97,1,29.97
29.41,29.81,85.38,1,23.23
38.57,16.19,74.35,1,20.58
41.36,31.18,72.88,1,26.34
46.28,17.84,58.11,0,0.0
59.18,36.48,53.1,1,20.98
53.39,21.41,16.86,1,16.85
41.77,27.24,77.37,0,0.0
63.17,27.69,75.58,0,0.0
18.36,18.48,29.16,1,29.96
33.7,31.4,24.53,1,28.44
16.04,25.57,69.32,1,22.18
52.07,32.02,46.75,0,0.0
55.68,26.42,55.64,1,21.69
83.42,28.08,41.18,0,0.0
53.31,34.11,25.66,1,26.34
40.2,33.52,64.86,1,22.98
28.89,27.14,24.36,1,26.56
80.69,29.82,67.5,0,0.0
25.71,25.84,100.0,1,22.95
64.27,16.65,61.21,0,0.0
51.6,21.72,32.66,1,18.24
68.7,39.72,82.93,1,16.45
36.82,28.47,42.35,1,26.38
55.73,34.18,36.91,1,22.17
26.18,30.72,79.32,1,24.83
51.2,27.95,32.48,1,18.62
46.6,27.08,68.52,1,19.84
42.11,39.76,56.61,1,30.1
40.73,20.7,26.14,1,18.26
52.9,23.32,58.74,1,19.86
86.58,18.77,51.99,0,0.0
63.73,11.32,26.14,0,0.0
76.03,28.58,27.97,0,0.0
78.46,22.65,36.14,0,0.0
65.22,35.92,36.0,0,0.0
47.66,29.35,62.29,1,19.55
62.19,19.32,72.11,0,0.0
28.72,22.73,26.09,1,23.77
60.73,31.48,88.76,0,0.0
55.41,36.8,42.45,1,19.49
16.55,44.18,84.11,1,33.85
56.01,23.78,72.66,0,0.0
0.0,21.47,25.89,1,37.79
16.94,36.04,74.03,1,23.87
33.4,32.24,30.42,1,25.0
54.47,25.48,44.3,1,22.54
36.66,19.71,66.67,1,16.26
89.63,24.53,47.44,0,0.0
79.6,15.24,60.52,0,0.0
47.57,18.35,42.63,1,21.58
38.21,32.79,26.29,1,22.15
73.76,27.48,60.8,0,0.0
67.18,22.73,68.77,0,0.0
84.67,21.4,37.35,0,0.0
46.6,29.29,59.55,1,21.54
62.87,36.51,44.43,1,21.42
67.56,35.12,58.86,0,0.0
80.59,30.89,42.83,0,0.0
14.78,34.39,25.58,1,31.72
65.78,27.75,67.7,0,0.0
44.36,27.6,51.22,0,0.0
29.63,28.71,50.02,1,23.87
27.73,23.55,48.86,1,24.66
41.39,19.79,27.04,1,24.46
34.63,30.62,62.22,1,23.45
49.77,27.43,48.76,1,22.73
44.56,26.89,76.36,1,24.01
9.88,33.34,67.03,1,27.86
66.02,21.2,63.85,0,0.0
23.58,26.0,61.02,1,21.15
42.3,32.61,67.87,1,21.31
28.28,15.73,47.66,1,25.16
44.97,24.08,47.2,1,18.43
38.04,25.49,27.98,1,22.96
45.19,24.84,36.77,1,22.83
50.03,23.58,55.73,1,16.59
44.87,35.34,90.23,1,19.97
89.23,34.94,42.65,0,0.0
64.13,19.92,76.75,0,0.0
55.35,25.2,42.4,1,21.2
36.78,26.44,58.86,1,18.7
32.64,32.92,37.28,1,18.94
15.59,36.53,55.32,1,31.8
46.12,26.48,75.89,1,21.58
57.42,22.68,45.06,0,0.0
69.35,24.16,39.03,0,0.0
43.06,29.06,92.8,1,20.43
16.83,23.5,69.22,1,26.56
45.29,27.34,41.67,1,20.34
88.3,36.22,74.69,0,0.0
49.11,35.46,66.86,1,17.82
35.96,22.78,85.58,0,0.0
58.12,17.95,35.77,0,0.0
34.02,37.58,60.3,1,25.21
69.63,27.73,95.69,0,0.0
58.65,21.38,67.55,0,0.0
55.4,22.21,57.56,0,0.0
2.06,33.99,24.95,1,35.29
51.53,25.02,60.42,1,20.53
79.67,28.64,56.28,0,0.0
53.72,31.67,51.15,1,20.79
58.42,33.39,72.97,1,16.15
32.76,31.17,100.0,1,21.07
33.88,20.18,41.47,0,0.0
72.07,11.39,49.72,0,0.0
27.31,36.64,59.02,1,23.77
29.69,26.7,58.46,1,23.52
44.3,24.79,73.93,1,20.46
51.9,20.48,79.23,0,0.0
63.31,35.85,63.35,1,22.11
40.62,26.95,54.52,1,23.77
50.93,27.66,62.77,1,22.52
28.1,17.34,50.35,1,21.45
34.21,28.0,44.96,1,26.87
58.54,33.17,76.72,1,17.85
29.55,24.26,44.53,1,26.17
58.94,18.88,83.63,0,0.0
23.0,23.93,100.0,1,19.49
41.16,25.96,39.37,1,24.79
51.29,19.22,48.11,0,0.0
46.06,36.31,52.02,1,26.6
62.52,31.02,94.16,0,0.0
5.27,32.83,23.16,1,30.99
35.66,24.45,39.6,1,24.48
30.72,30.82,35.69,1,26.6
25.07,17.82,64.84,1,23.62
35.85,28.09,56.11,1,18.22
23.62,21.08,58.02,1,24.97
50.15,17.89,83.94,0,0.0
19.84,29.33,43.09,1,30.1
87.6,32.26,60.9,0,0.0
48.64,36.52,54.11,1,17.54
55.26,28.73,42.08,1,21.04
42.31,26.88,47.98,1,24.45
22.15,30.42,58.44,1,28.34
45.99,30.36,69.32,1,19.74
39.98,26.07,48.56,1,23.02
52.89,26.88,22.92,1,21.54
49.85,22.84,31.09,1,20.92
48.42,25.03,54.88,1,16.42
54.47,22.78,58.28,0,0.0
33.26,18.57,100.0,0,0.0
57.47,40.58,70.8,1,19.69
28.35,33.17,66.33,1,21.96
18.58,33.91,57.41,1,26.94
15.73,33.74,55.84,1,29.9
40.26,31.99,69.65,1,22.86
57.29,34.76,52.9,1,21.9
31.91,31.41,53.83,1,23.36
0.0,13.11,65.55,1,25.42
47.96,10.0,69.14,0,0.0
44.09,27.15,64.87,1,16.2
88.93,35.41,29.3,0,0.0
40.28,34.55,11.81,1,22.69
39.3,23.69,56.59,1,18.03
57.39,30.18,66.03,0,0.0
33.57,26.17,65.02,0,0.0
52.88,29.16,56.24,1,13.91
36.2,39.53,55.26,1,25.47
52.1,31.61,50.42,1,24.88
65.13,43.38,41.86,1,23.63
52.07,32.13,44.78,1,23.28
30.79,38.69,27.31,1,35.12
43.21,24.18,44.86,1,20.59
70.1,40.78,58.99,0,0.0
34.09,25.72,34.4,1,26.08
51.05,21.17,71.33,0,0.0
23.08,21.38,88.09,1,15.74
69.2,24.86,18.01,0,0.0
55.42,29.83,90.97,0,0.0
45.93,22.1,24.16,1,24.12
50.67,29.99,41.29,1,19.32
68.22,38.26,70.91,0,0.0
50.4,27.08,34.48,1,18.41
42.52,38.45,71.46,1,21.07
28.31,26.56,75.82,1,28.71
68.85,28.43,68.54,0,0.0
22.45,36.14,75.18,1,26.58
69.82,32.92,25.74,1,19.28
67.26,34.22,81.37,0,0.0
29.32,34.8,43.17,1,25.2
34.06,39.53,60.92,1,25.65
76.82,29.51,46.83,0,0.0
43.53,20.16,75.58,0,0.0
42.21,31.27,61.84,1,21.73
27.28,26.84,68.04,1,22.94
68.95,27.61,69.86,0,0.0
67.35,34.84,58.85,1,19.59
20.81,29.12,60.13,1,26.98
29.77,31.6,28.73,1,29.78
49.91,30.91,66.81,0,0.0
61.48,29.12,42.29,0,0.0
38.32,17.91,89.45,1,20.55
40.53,25.62,70.16,1,22.31
22.65,37.83,19.26,1,28.92
13.79,34.79,72.14,1,29.69
73.99,26.21,45.99,1,20.64
50.13,36.54,61.04,1,20.82
65.77,13.05,49.24,0,0.0
34.76,37.82,83.29,1,22.37
39.25,45.0,92.49,1,23.0
47.34,28.71,30.13,1,25.32
9.01,32.79,82.5,1,30.2
31.19,30.09,48.86,1,23.12
58.97,32.94,53.71,0,0.0
53.06,29.95,50.67,1,20.58
0.65,21.88,69.21,1,23.64
64.02,30.24,62.54,1,17.41
37.42,32.67,28.1,1,20.84
63.62,28.79,72.15,0,0.0
51.31,31.58,27.98,1,24.14
100.0,11.76,82.38,0,0.0
12.66,23.31,60.55,1,31.69
73.44,20.24,77.6,0,0.0
31.91,25.52,40.8,1,22.76
24.44,30.35,67.57,1,27.39
39.79,24.88,68.21,1,19.95
0.0,27.12,18.46,1,28.3
24.15,23.16,45.27,1,26.6
6.98,27.58,61.37,1,27.8
48.81,32.35,23.5,1,26.3
73.33,32.96,65.74,1,22.31
42.42,20.21,49.59,1,22.67
35.59,17.11,57.5,0,0.0
42.82,13.35,67.35,1,17.82
42.3,25.86,58.62,1,22.0
69.66,21.3,48.81,0,0.0
16.57,13.2,59.53,1,22.06
33.43,21.68,37.66,1,22.0
39.69,20.66,25.89,1,22.94
48.77,16.44,40.16,1,24.59
5.48,25.59,63.25,1,28.66
27.67,28.08,44.56,1,26.6
37.96,33.62,34.44,1,22.13
23.24,29.67,35.19,1,27.59
33.42,32.76,59.31,1,27.76
51.4,37.77,73.23,1,22.31
50.28,24.24,60.57,1,21.3
81.45,34.61,65.46,0,0.0
41.41,27.5,68.93,1,21.99
47.41,32.04,37.83,1,22.14
74.11,26.68,75.05,0,0.0
51.92,30.88,71.18,1,20.26
23.31,26.96,71.72,1,26.89
37.13,33.28,41.61,1,28.49
14.21,18.64,55.87,1,29.09
24.23,27.28,33.81,1,29.28
22.27,31.11,62.86,1,27.09
21.8,38.59,93.5,1,30.83
37.02,29.8,83.64,1,17.14
12.77,41.43,44.42,1,30.02
63.97,21.53,45.17,0,0.0
23.72,25.75,83.04,1,23.76
49.3,24.28,94.92,0,0.0
49.22,27.81,75.18,1,20.39
50.81,29.3,10.0,1,19.15
33.77,18.61,69.99,1,19.01
19.88,26.69,10.0,1,29.4
49.84,16.05,59.5,0,0.0
28.75,32.03,95.28,1,20.81
48.77,33.57,67.42,1,24.67
50.04,37.84,84.72,0,0.0
44.93,37.39,100.0,1,20.61
24.82,42.53,69.57,1,26.17
51.2,30.81,37.01,1,17.19
65.8,24.61,64.33,0,0.0
49.4,26.21,58.88,1,21.67
51.22,23.19,75.96,1,16.21
75.66,29.55,60.67,0,0.0
33.66,33.68,47.46,1,20.62
56.34,20.38,87.2,0,0.0
71.67,27.87,60.16,0,0.0
64.92,29.66,66.35,1,18.19
42.48,29.29,36.29,1,23.87
38.49,36.16,24.78,1,30.59
33.62,20.53,13.39,1,25.04
43.88,35.14,42.6,1,24.1
25.69,26.25,41.7,1,22.21
47.13,35.88,73.74,1,25.01
51.65,18.4,58.0,0,0.0
74.15,31.8,79.81,0,0.0
38.47,30.01,78.22,1,20.54
58.74,19.12,87.15,0,0.0
6.63,27.07,88.97,1,28.98
45.83,25.93,24.1,1,18.42
71.25,29.41,67.47,0,0.0
51.58,26.14,38.63,1,25.27
26.13,18.8,80.06,1,21.99
0.0,36.96,64.74,1,32.41
82.81,31.95,36.94,0,0.0
48.55,26.99,24.6,1,20.95
45.19,32.08,84.85,1,19.95
52.38,27.44,28.36,1,25.7
45.65,15.84,55.61,0,0.0
62.27,30.67,51.58,0,0.0
40.76,27.06,39.56,1,22.24
37.29,28.17,60.71,1,20.43
11.48,22.88,62.91,1,23.95
87.55,14.08,39.9,0,0.0
44.11,22.06,78.38,0,0.0
38.03,28.35,41.84,1,21.27
24.78,27.07,62.09,1,28.42
36.89,30.5,64.85,1,22.25
24.44,30.51,20.86,1,23.17
18.27,20.86,76.93,1,23.2
59.59,33.21,51.79,0,0.0
40.84,26.31,30.35,1,24.54
53.9,28.95,69.6,0,0.0
49.04,24.22,43.31,1,18.4
62.54,22.66,40.0,0,0.0
15.21,21.29,38.02,1,24.79
77.02,39.58,14.56,1,23.15
55.86,22.39,50.12,0,0.0
36.59,18.53,52.7,0,0.0
41.0,18.26,59.14,0,0.0
50.81,34.57,86.79,0,0.0
28.32,24.88,64.21,1,17.62
47.61,27.59,62.55,1,21.11
48.87,27.39,68.3,0,0.0
75.89,11.57,33.42,0,0.0
58.45,10.0,54.44,0,0.0
64.89,22.12,48.98,0,0.0
37.15,19.78,37.21,1,22.78
54.83,28.5,69.09,1,15.97
27.91,25.38,54.55,1,24.37
84.6,28.3,56.69,0,0.0
7.68,27.2,74.58,1,23.52
41.28,26.58,36.83,1,25.94
21.93,26.34,73.16,1,25.0
27.57,37.41,66.23,1,29.29
61.5,20.89,45.17,1,21.78
22.06,28.75,46.38,1,25.97
67.82,30.16,48.61,0,0.0
37.8,29.88,82.93,0,0.0
60.95,16.23,79.57,0,0.0
20.65,31.87,62.28,1,22.22
41.25,18.57,33.77,1,18.97
53.53,37.43,52.03,1,26.19
21.25,35.34,76.42,1,30.74
50.61,22.92,76.89,1,20.88
45.89,21.99,58.83,1,22.56
36.41,29.21,28.82,1,25.58
60.71,18.95,75.63,0,0.0
29.37,31.84,43.19,1,27.27
10.58,20.12,46.39,1,31.39
77.48,38.58,44.3,0,0.0
36.77,22.3,18.17,1,21.37
44.32,41.81,44.81,1,27.96
50.61,29.05,47.75,1,18.1
61.92,14.81,74.42,0,0.0
64.25,24.52,30.36,1,20.6
36.24,32.04,10.0,1,27.47
40.53,13.96,41.02,0,0.0
41.68,24.4,58.58,1,22.84
53.49,30.2,78.3,0,0.0
19.76,35.45,57.72,1,27.32
32.66,32.93,74.69,1,26.54
56.38,27.92,51.49,1,20.27
52.4,21.37,41.81,0,0.0
28.92,32.58,28.04,1,28.31
8.78,23.91,60.11,1,27.68
58.54,26.23,55.27,0,0.0
63.54,22.27,45.26,0,0.0
38.36,36.98,66.45,1,20.49
52.46,20.65,40.49,1,19.73
64.09,35.79,40.33,1,17.71
23.23,27.85,50.89,1,29.43
61.35,30.42,15.68,1,25.42
0.0,31.83,51.81,1,31.99
79.19,32.43,47.58,0,0.0
47.89,33.11,47.26,1,27.35
66.57,35.05,25.79,1,19.18
24.98,38.2,83.21,1,28.41
44.91,45.0,57.89,1,29.44
70.55,30.58,52.18,0,0.0
28.68,28.06,32.81,1,22.77
70.25,33.48,53.36,1,19.34
6.64,11.73,31.38,1,26.88
54.22,38.52,33.0,1,25.62
27.79,36.48,49.25,1,30.97
55.46,33.48,82.1,0,0.0
70.0,23.49,44.11,0,0.0
32.56,32.76,60.34,1,24.88
39.5,24.7,55.97,1,22.74
37.74,32.93,50.55,1,19.96
64.66,27.09,59.22,1,17.06
17.51,27.49,61.16,1,28.67
0.0,34.84,70.82,1,25.67
70.68,19.81,44.85,0,0.0
53.15,31.48,72.86,1,20.75
53.32,19.36,39.98,1,21.21
59.48,23.4,73.21,0,0.0
66.55,25.17,88.68,0,0.0
80.27,24.47,47.41,0,0.0
31.06,26.49,40.25,1,24.23
26.97,21.62,27.54,1,26.8
28.08,21.88,58.88,1,26.22
41.75,29.35,73.88,1,22.75
41.78,41.17,53.0,1,23.3
10.46,32.75,10.0,1,32.98
89.8,14.18,36.98,0,0.0
41.05,23.15,53.38,0,0.0
52.14,10.75,54.48,0,0.0
65.33,39.29,48.38,1,22.28
25.68,39.22,65.42,1,28.85
50.48,26.52,28.47,1,22.04
42.54,33.32,62.67,1,17.89
41.86,23.33,61.73,1,17.0
66.06,28.04,40.95,0,0.0
72.58,29.06,66.86,0,0.0
65.53,43.23,39.17,1,19.93
62.51,26.36,33.94,0,0.0
56.96,24.15,67.15,1,18.95
44.44,32.81,37.88,1,21.27
35.16,21.38,91.61,1,21.82
46.83,25.69,77.15,1,17.06
54.52,17.85,90.17,0,0.0
28.53,25.31,49.22,1,27.29
22.04,39.87,87.11,1,25.11
79.22,35.63,48.27,0,0.0
100.0,27.74,42.35,0,0.0
49.93,23.33,63.83,0,0.0
31.69,32.31,19.9,1,25.59
10.37,23.51,60.74,1,29.48
40.07,31.06,37.58,1,22.07
46.65,26.09,38.91,1,21.87
68.51,15.76,53.48,0,0.0
62.4,32.28,65.16,0,0.0
62.71,16.29,20.29,0,0.0
44.33,31.73,10.0,1,28.56
13.64,27.71,76.85,1,29.31
17.68,24.1,36.51,1,31.93
100.0,23.73,40.51,0,0.0
72.57,24.44,57.49,0,0.0
45.79,22.43,52.25,1,18.92
63.87,39.32,38.19,1,18.84
48.74,23.23,59.8,1,15.43
54.84,23.78,64.21,0,0.0
68.93,33.39,66.37,0,0.0
30.09,22.66,70.05,1,22.75
38.53,30.51,96.98,1,18.35
66.08,33.66,48.44,0,0.0
40.34,37.14,49.42,1,24.23
59.11,28.09,34.93,0,0.0
5.03,21.18,70.88,1,30.44
56.09,26.11,70.5,0,0.0
81.09,26.31,81.86,0,0.0
59.71,12.92,73.58,0,0.0
36.12,16.62,54.89,1,17.01
15.53,30.41,72.43,1,29.3
43.27,26.62,36.66,1,22.88
67.63,17.25,58.12,0,0.0
39.52,24.14,62.63,1,22.78
42.59,25.9,73.74,1,20.35
44.28,29.42,45.63,1,21.65
36.77,31.28,32.34,1,22.38
11.07,17.91,70.13,1,26.37
20.9,26.34,62.99,1,24.75
55.21,15.73,54.25,0,0.0
33.2,16.64,60.57,1,23.4
76.38,21.73,59.31,0,0.0
44.83,24.92,69.52,1,23.22
34.68,25.67,100.0,1,17.93
22.1,14.22,62.27,1,21.88
44.7,18.81,57.66,1,17.96
78.81,21.14,60.67,0,0.0
43.45,25.68,26.42,1,25.18
55.75,31.71,42.43,1,22.82
22.66,41.9,40.1,1,28.83
89.17,13.62,52.18,0,0.0
45.67,29.67,40.64,1,20.83
22.4,26.69,47.23,1,25.76
8.59,25.4,100.0,1,24.91
46.09,22.78,28.59,1,24.41
37.22,26.43,75.21,1,18.03
46.98,37.59,54.26,0,0.0
52.76,25.61,18.42,1,19.97
30.35,20.65,54.29,1,20.93
40.95,18.6,44.78,1,20.84
43.36,40.56,69.62,1,25.0
49.4,23.98,70.55,0,0.0
49.45,28.12,54.64,1,24.47
31.49,31.86,43.1,1,23.12
54.83,30.53,48.7,1,17.62
30.86,25.81,31.55,1,21.09
58.88,35.97,44.05,1,23.68
69.37,24.55,19.03,0,0.0
24.72,21.94,48.98,1,23.66
59.06,24.43,62.91,0,0.0
63.71,25.68,53.42,0,0.0
41.76,21.52,37.35,1,20.5
38.62,34.11,47.95,1,25.03
23.98,15.84,81.25,0,0.0
59.94,20.0,81.35,0,0.0
11.27,19.41,70.46,1,27.15
33.52,40.91,57.36,1,23.93
20.93,38.14,41.79,1,30.13
32.69,13.63,66.96,1,19.25
14.1,32.62,22.08,1,32.23
22.93,28.74,34.24,1,26.86
0.0,38.5,55.87,1,29.05
